Senas ID,Autorius,Pavadinimas,Sena vieta,Statusas
K00004,Ralph Waldo Emerson; Henry David Thoreau,"Эссе; Уолден, или Жизнь в лесу","Spinta A, 1 lentyna (viršutinė)",Lentynoje
K00015,Hutten; Müntzer; Luther,"Hutten, Müntzer, Luther (2 tomas)","Spinta A, 1 lentyna (viršutinė)",Lentynoje
K00017,Max Frisch,Rinktinė (romanai),"Spinta A, 1 lentyna (viršutinė)",Lentynoje
K00021,Stefan Zweig,"Trys meistrai: Balzakas, Dikensas, Dostojevskis","Spinta A, 1 lentyna (viršutinė)",Lentynoje
K00022,Johann Wolfgang von Goethe,Rinktinė,"Spinta A, 1 lentyna (viršutinė)",Lentynoje
K00025,Gotthold Ephraim Lessing,Rinktinė (dramos),"Spinta A, 1 lentyna (viršutinė)",Lentynoje
K00031,Ray Bradbury,Rinktinė,"Spinta A, 2 lentyna",Lentynoje
K00032,Thomas Wolfe,Rinktinė,"Spinta A, 2 lentyna",Lentynoje
K00036,Herman Melville,Собрание сочинений (1 tomas),"Spinta A, 2 lentyna",Lentynoje
K00037,Herman Melville,Собрание сочинений (2 tomas),"Spinta A, 2 lentyna",Lentynoje
K00038,Herman Melville,Собрание сочинений (3 tomas),"Spinta A, 2 lentyna",Lentynoje
K00039,Frank Herbert,Kūrinys (galimai „Дюна“),"Spinta A, 2 lentyna",Lentynoje
K00041,Washington Irving,Rinktinė,"Spinta A, 2 lentyna",Lentynoje
K00042,Sud. K. Andersonas (?),Очеркисты в Британии,"Spinta A, 2 lentyna",Lentynoje
K00050,William Makepeace Thackeray (V. M. Tekerėjus),Tuštybės mugė (2 tomas),"Spinta A, 2 lentyna",Lentynoje
K00051,Arthur Schopenhauer,Rinktinė,"Spinta A, 2 lentyna",Lentynoje
K00054,William Shakespeare (Viljamas Šekspyras),Dramos. Sonetai (2 tomas),"Spinta A, 2 lentyna",Lentynoje
K00074,Honoré de Balzac (Бальзак),Rinktinė,"Spinta A, 3 lentyna",Lentynoje
K00099,,Старинные японские повести,"Spinta A, 4 lentyna",Lentynoje
K00101,Gustave Flaubert (Флобер),Rinktinė,"Spinta A, 4 lentyna",Lentynoje
K00106,George Meredith (Džordžas Mereditas),Rinktinė,"Spinta A, 4 lentyna",Lentynoje
K00109,Jean-Jacques Rousseau (Ž. Ruso),Rinktinė,"Spinta A, 4 lentyna",Lentynoje
K00115,August Strindberg (А. Стриндберг),Rinktinė,"Spinta A, 4 lentyna",Lentynoje
K00123,,Воспоминание чувств,"Spinta A, 4 lentyna",Lentynoje
K00127,Per Olov Enquist,Rinktinė,"Spinta A, 5 lentyna",Lentynoje
K00129,Luigi Pirandello,Rinktinė,"Spinta A, 5 lentyna",Lentynoje
K00131,Jean-Louis Curtis (Žanas Luji Kiurtisas),Rinktinė,"Spinta A, 5 lentyna",Lentynoje
K00140,,Topsy-Turvy World,"Spinta A, 5 lentyna",Lentynoje
K00150,Walther von der Vogelweide,Lieder und Gedichte,"Spinta A, 6 lentyna",Lentynoje
K00155,Rabindranath Tagore (Rabindranatas Tagorė),Atsisveikinimas,"Spinta A, 5 lentyna",Lentynoje
K00164,Nikolaus Lenau,Gedichte (rinktinė),"Spinta A, 7 lentyna",Lentynoje
K00166,Friedrich Gottlieb Klopstock,Rinktinė,"Spinta A, 7 lentyna",Lentynoje
K00180,,I Ging (Yijing / Permainų knyga),"Spinta A, 8 lentyna (apatinė)",Lentynoje
K00185,Johann Gottfried Herder,Werke (1 tomas),"Spinta A, 8 lentyna (apatinė)",Lentynoje
K00189,Wilhelm Hauff,Werke (1 tomas),"Spinta A, 8 lentyna (apatinė)",Lentynoje
K00190,Wilhelm Hauff,Werke (2 tomas),"Spinta A, 8 lentyna (apatinė)",Lentynoje
K00194,Daniel Defoe,Moll Flanders,"Spinta A, 8 lentyna (apatinė)",Lentynoje
K00201,Levas Tolstojus (Л. Н. Толстой),Rinktinė,"Spinta B, 1 lentyna (viršutinė)",Lentynoje
K00206,Aleksandras Blokas (Александр Блок),Rinktinė,"Spinta B, 1 lentyna (viršutinė)",Lentynoje
K00207,Sergejus Jeseninas (Сергей Есенин),Сочинения (1 tomas),"Spinta B, 1 lentyna (viršutinė)",Lentynoje
K00211,Borisas Pasternakas,Rinktinė,"Spinta B, 1 lentyna (viršutinė)",Lentynoje
K00214,Josifas Brodskis (Иосиф Бродский),Rinktinė,"Spinta B, 1 lentyna (viršutinė)",Lentynoje
K00221,Fiodoras Dostojevskis (Ф. М. Достоевский),Собрание сочинений (6 tomas),"Spinta B, 1 lentyna (viršutinė)",Lentynoje
K00222,Fiodoras Dostojevskis (Ф. М. Достоевский),Собрание сочинений (7 tomas),"Spinta B, 1 lentyna (viršutinė)",Lentynoje
K00223,Aleksandras Puškinas (А. С. Пушкин),Сочинения (2 tomas),"Spinta B, 1 lentyna (viršutinė)",Lentynoje
K00226,Dante Alighieri,Rinktinė,"Spinta B, 2 lentyna",Lentynoje
K00227,Euripidas,"Tragedijos (Trojietės, Hekabė, Andromachė)","Spinta B, 2 lentyna",Lentynoje
K00234,Epiktetas,Rinktinė,"Spinta B, 2 lentyna",Lentynoje
K00235,Lukianas (Lucianas),Rinktinė,"Spinta B, 2 lentyna",Lentynoje
K00236,Ksenofontas,Rinktinė,"Spinta B, 2 lentyna",Lentynoje
K00240,François Fénelon (Франсуа Фенелон),Приключения Телемака,"Spinta B, 2 lentyna",Lentynoje
K00243,Anatolijus Varšavskis,Rinktinė,"Spinta B, 2 lentyna",Lentynoje
K00244,Platonas (Платон),Dialogai / rinktinė,"Spinta B, 2 lentyna",Lentynoje
K00252,L. N. Velikovičius (Л. Н. Великович),Rinktinė,"Spinta B, 3 lentyna",Lentynoje
K00259,,Буржуазный век,"Spinta B, 3 lentyna",Lentynoje
K00262,Titas Livijus (Тит Ливий),История Рима (I tomas),"Spinta B, 3 lentyna",Lentynoje
K00263,Titas Livijus (Тит Ливий),История Рима (II tomas),"Spinta B, 3 lentyna",Lentynoje
K00265,Sergejus Bulgakovas (С. Н. Булгаков),Rinktinė,"Spinta B, 3 lentyna",Lentynoje
K00273,,古诗一百首 (100 senovės eilėraščių),"Spinta B, 3 lentyna",Lentynoje
K00279,,Die Bhagavadgita,"Spinta B, 4 lentyna",Lentynoje
K00280,A. C. Bhaktivedanta Swami Prabhupada,(rinktinė),"Spinta B, 4 lentyna",Lentynoje
K00287,Egdūnas Račius,Islamo studijos,"Spinta B, 4 lentyna",Lentynoje
K00301,Isabel Allende,(dar vienas tomas),"Spinta B, 5 lentyna",Lentynoje
K00318,Sergejus Rubinšteinas (С. Л. Рубинштейн),Rinktinė (II tomas),"Spinta B, 5 lentyna",Lentynoje
K00328,,Žemaitijos parapijų monografija,"Spinta B, 6 lentyna (apatinė)",Lentynoje
K00333,Jonas Jablonskis,Raštai (2 tomas),"Spinta B, 6 lentyna (apatinė)",Lentynoje
K00337,Konstantinas Balmontas (Константин Бальмонт),Rinktinė,"Spinta B, 6 lentyna (apatinė)",Lentynoje
K00339,Viktoras Alekna,Rinktinė / monografija,"Spinta B, 6 lentyna (apatinė)",Lentynoje
K00340,,Suvalkija: etnokultūros paveldas,"Spinta B, 6 lentyna (apatinė)",Lentynoje
K00358,Piotr Zychowicz,Pilsudskio–Lenino (?),"Spinta C, 1 lentyna",Lentynoje
K00361,Carl Gustaf Mannerheim (Карл Густав Маннергейм),Мемуары,"Spinta C, 1 lentyna",Lentynoje
K00362,,Россия. Проект,"Spinta C, 1 lentyna",Lentynoje
K00399,Orhan Pamuk,Istanbul,"Spinta C, 2 lentyna",Lentynoje
K00402,Platonas,Dialogai / rinktinė,"Spinta C, 3 lentyna",Lentynoje
K00403,Marcelijus Martinaitis,Maksvelis,"Spinta C, 3 lentyna",Lentynoje
K00404,Stephen Little,…izmai: kaip suprasti meną,"Spinta C, 3 lentyna",Lentynoje
K00405,Ričardas Kazlauskas,Rinktinė,"Spinta C, 3 lentyna",Lentynoje
K00414,Immanuel Kant (I. Kantas),Rinktinė,"Spinta C, 3 lentyna",Lentynoje
K00415,José Ortega y Gasset (Ch. Ortega i Gasetas),Rinktinė,"Spinta C, 3 lentyna",Lentynoje
K00416,Erich Fromm (E. Fromas),Rinktinė,"Spinta C, 3 lentyna",Lentynoje
K00417,Karl Jaspers (K. Jaspersas),Rinktinė,"Spinta C, 3 lentyna",Lentynoje
K00442,Ignas Staškevičius,Lietuvos verslo legendos,"Spinta C, 4 lentyna",Lentynoje
K00447,Sofija Tyzenhauzaitė,Rinktinė / atsiminimai,"Spinta C, 4 lentyna",Lentynoje
K00448,,Senovės istorikai (?),"Spinta C, 4 lentyna",Lentynoje
K00468,Akira Toriyama,Drakonų kovos (Dragon Ball) — serija,"Spinta C, 7 lentyna (apatinė)",Lentynoje
K00474,Eliyahu M. Goldratt,Tikslas,"Spinta C, 7 lentyna (apatinė)",Lentynoje
K00481,Mark McNeilly,Rinktinė,"Spinta C, 7 lentyna (apatinė)",Lentynoje
K00487,Pilypas Ruigys (P. Ruigys),Rinktinė,"Spinta D, 1 lentyna (viršutinė)",Lentynoje
K00490,Mykolas Lietuvis,"Apie totorių, lietuvių ir maskvėnų papročius","Spinta D, 1 lentyna (viršutinė)",Lentynoje
K00492,Marcelinas Ročka,Rinktinė,"Spinta D, 1 lentyna (viršutinė)",Lentynoje
K00499,Viktorija Daujotytė,Žmogus ir jo kalnas,"Spinta D, 1 lentyna (viršutinė)",Lentynoje
K00503,,Pasteris,"Spinta D, 1 lentyna (viršutinė)",Lentynoje
K00518,Mykolas Römeris,Teisinės minties palikimas,"Spinta D, 2 lentyna",Lentynoje
K00526,Jonas Öhman,Donbasas (?),"Spinta D, 2 lentyna",Lentynoje
K00528,Motiejus Čepas,Rinktinė / atsiminimai,"Spinta D, 2 lentyna",Lentynoje
K00536,Petras Dusburgietis,Prūsijos žemės kronika,"Spinta D, 3 lentyna",Lentynoje
K00537,,Lietuvos kronikos,"Spinta D, 3 lentyna",Lentynoje
K00543,,Lietuvos valstybės konstitucijos,"Spinta D, 3 lentyna",Lentynoje
K00547,Izidorius Ignatavičius,Rinktinė,"Spinta D, 2 lentyna",Lentynoje
K00549,,Mano galerija,"Spinta D, 2 lentyna",Lentynoje
K00565,Lina Žutautė,Kakė Makė (serija),"Spinta D, 4 lentyna",Lentynoje
K00575,,Vilniaus universiteto istorija (1803–1940),"Spinta D, 4 lentyna",Lentynoje
K00576,,Vilniaus universiteto istorija (1940–1994),"Spinta D, 4 lentyna",Lentynoje
K00582,Vladas Drėma,Rinktinė,"Spinta D, 4 lentyna",Lentynoje
K00588,Aleksandras Genis (Александр Генис),"Собрание сочинений, т. 2: Расследования","Spinta D, 5 lentyna",Lentynoje
K00589,Aleksandras Genis (Александр Генис),"Собрание сочинений, т. 1: Культурология","Spinta D, 5 lentyna",Lentynoje
K00593,Marcelijus Martinaitis,Rinktinė,"Spinta D, 5 lentyna",Lentynoje
K00594,Alfonsas Maldonis,Rinktinė,"Spinta D, 5 lentyna",Lentynoje
K00599,Justinas Marcinkevičius,Rinktinė,"Spinta D, 5 lentyna",Lentynoje
K00600,Nerija Putinaitė,Skambantis molis: dainų šventės ir Justino Marcinkevičiaus trilogija kaip sovietinio lietuviškumo ramsčiai,"Spinta D, 5 lentyna",Lentynoje
K00609,Justinas Marcinkevičius,Raštai (4 tomas),"Spinta D, 6 lentyna",Lentynoje
K00611,Bernardas Brazdžionis,Poezijos pilnatis / Raštai,"Spinta D, 6 lentyna",Lentynoje
K00616,Donatas Katkus,Rinktinė,"Spinta D, 7 lentyna",Lentynoje
K00622,Juozas Erlickas,Prisiminimai,"Spinta D, 7 lentyna",Lentynoje
K00624,Teofilis Tilvytis,Rinktinė,"Spinta D, 8 lentyna",Lentynoje
K00625,Vytautas Petkevičius,Grupė draugų,"Spinta D, 8 lentyna",Lentynoje
K00626,Vytautas Petkevičius,Didelis ir mažas,"Spinta D, 8 lentyna",Lentynoje
K00627,Vytautas Petkevičius,Paskutinis atgailos amžius,"Spinta D, 8 lentyna",Lentynoje
K00628,Juozas Baltušis,Sakmė apie Juzą,"Spinta D, 8 lentyna",Lentynoje
K00629,Henrikas Algis Čigriejus,Savi ir pažįstami,"Spinta D, 8 lentyna",Lentynoje
K00630,Vytautas Petkevičius,Yra šalis,"Spinta D, 8 lentyna",Lentynoje
K00631,Vytautas Omaitis (?),Sugrąžinti save,"Spinta D, 8 lentyna",Lentynoje
K00632,Petras Tarasenka,Šešioliktmečiai,"Spinta D, 8 lentyna",Lentynoje
K00633,Kazys Almenas,Rinktinė,"Spinta D, 8 lentyna",Lentynoje
K00644,Česlovas Kudaba,Rinktinė,"Spinta E (P.L. Biblioteka), 1 lentyna",Lentynoje
K00650,,Lietuva: 101 įdomybė,"Spinta E (P.L. Biblioteka), 1 lentyna",Lentynoje
K00661,,Sveikos mitybos vadovas,"Spinta E (P.L. Biblioteka), 2 lentyna",Lentynoje
K00662,Sun Zi,Karo menas,"Spinta E (P.L. Biblioteka), 2 lentyna",Lentynoje
K00664,,Всё об альпинарии и водоёме в саду,"Spinta E (P.L. Biblioteka), 2 lentyna",Lentynoje
K00673,Justas Vincas Paleckis,Rinktinė,"Spinta E (P.L. Biblioteka), 3 lentyna",Lentynoje
K00686,,Tora (תורה / Тора),"Spinta E (P.L. Biblioteka), 3 lentyna",Lentynoje
K00689,Petras Repšys,Monografija / albumas,"Spinta E (P.L. Biblioteka), 4 lentyna",Lentynoje
K00690,Augustinas Savickas (Аугустинас Савицкас),Monografija (keli tomai),"Spinta E (P.L. Biblioteka), 4 lentyna",Lentynoje
K00692,Antanas Gedminas,Monografija / albumas,"Spinta E (P.L. Biblioteka), 4 lentyna",Lentynoje
K00693,Walter Isaacson,Einstein: His Life and Universe,"Spinta E (P.L. Biblioteka), 4 lentyna",Lentynoje
K00699,,MyGrammarLab (Book + Online + Mobile),"Spinta F, 1 lentyna",Lentynoje
K00707,Niall Ferguson,Rinktinė,"Spinta F, 1 lentyna",Lentynoje
K00729,Stanisław Lem (S. Lemas),Solaris,"Spinta F, 4 lentyna",Lentynoje
K00743,Stephen King,Rinktinė,"Spinta F, 5 lentyna",Lentynoje
K00745,Gustav Schwab (Gustavas Švabas),Sakmės (3 tomas),"Spinta F, 5 lentyna",Lentynoje
K00746,Gustav Schwab (Gustavas Švabas),Sakmės (2 tomas),"Spinta F, 5 lentyna",Lentynoje
K00747,Gustav Schwab (Gustavas Švabas),Sakmės (1 tomas),"Spinta F, 5 lentyna",Lentynoje
K00768,Ian Fleming,Rinktinė (James Bond),"Spinta F, 7 lentyna",Lentynoje
K00769,,Septynioliktoji (?),"Spinta F, 7 lentyna",Lentynoje
K00770,,National Geographic (žurnalų kolekcija),"Spinta F, 8 lentyna (apatinė, žurnalai)",Lentynoje
K00772,,Бани и сауны (žurnalai),"Spinta F, 8 lentyna (apatinė, žurnalai)",Lentynoje
K00777,Michael Scott,Kerėtoja,"Spinta G, 1 lentyna",Lentynoje
K00782,,There's No Toilet Paper on the Road Less Traveled,"Spinta G, 2 lentyna",Lentynoje
K00783,John Grisham,The King of Torts,"Spinta G, 2 lentyna",Lentynoje
K00784,Boris Akunin (Борис Акунин),Пелагия и белый бульдог,"Spinta G, 2 lentyna",Lentynoje
K00785,Vinfridas Lansburgas (?),Monos Lizos pagrobimas,"Spinta G, 2 lentyna",Lentynoje
K00786,Alan Bradley,Koriko maišo virvė,"Spinta G, 2 lentyna",Lentynoje
K00787,John Dunning,The Bookman's Wake,"Spinta G, 2 lentyna",Lentynoje
K00788,John Grisham (Džonas Grišemas),Firma,"Spinta G, 2 lentyna",Lentynoje
K00800,Rafael Ábalos,Grimpow,"Spinta G, 3 lentyna",Lentynoje
K00805,,Elfų burbulas,"Spinta G, 4 lentyna",Lentynoje
K00814,Iain M. Banks,The Algebraist,"Spinta G, 5 lentyna",Lentynoje
K00815,Mario Puzo,The Dark Arena,"Spinta G, 5 lentyna",Lentynoje
K00816,Nik Perumov (Ник Перумов),Гибель богов,"Spinta G, 5 lentyna",Lentynoje
K00818,Jennie Harding,Kristalai,"Spinta G, 5 lentyna",Lentynoje
K00819,A. Kartavičius; A. Žiedelis,Mineralų paslaptys / Nuostabusis brangakmenių pasaulis,"Spinta G, 5 lentyna",Lentynoje
K00821,,Žurnalų kolekcija,"Spinta G, 6 lentyna (žurnalai)",Lentynoje
K00833,Serge Brussolo,Rinktinė,"Spinta G, 8 lentyna",Lentynoje
K00836,Cornelia Funke,Vaiduoklių medžiotojai (dar vienas tomas),"Spinta G, 8 lentyna",Lentynoje
K00854,Vincas Krėvė,Rinktinė,"Spinta G, 10 lentyna",Lentynoje
K00863,Serge Brussolo,Rinktinė,"Spinta G, 11 lentyna",Lentynoje
K00874,,Skaičiai,"Spinta G, 11 lentyna",Lentynoje
K00886,Gary Chapman; Ross Campbell,Rinktinė (vaikų ugdymas),"Spinta G, 12 lentyna",Lentynoje
K00894,Mykolas Römeris,Dienoraštis (1921 11 08 – 1922 06 15),"Spinta H, 1 lentyna (filosofija)",Lentynoje
K00896,Stasys Šalkauskis,Raštai (II tomas),"Spinta H, 1 lentyna (filosofija)",Lentynoje
K00897,Stasys Šalkauskis,Raštai (I tomas),"Spinta H, 1 lentyna (filosofija)",Lentynoje
K00900,Lawrence A. Scaff,Veržiantis iš geležinio narvo,"Spinta H, 1 lentyna (filosofija)",Lentynoje
K00901,Tomas Venclova,Vilnius: A Personal History,"Spinta H, 2 lentyna",Lentynoje
K00908,V.Daugirdaitė Sruogienė,Lietuvos istorijso vaizdai ir raštai I,"Spinta H, 2 lentyna",Lentynoje
K00910,,Vilniaus pilis senose fotografijose,"Spinta H, 2 lentyna",Lentynoje
K00911,,Vilnius: Vokiečių gatvė,"Spinta H, 2 lentyna",Lentynoje
K00912,,Vilniui 650 metų,"Spinta H, 2 lentyna",Lentynoje
K00913,V. Martinkėnas,Vilnius ir jo apylinkių čiabuviai,"Spinta H, 2 lentyna",Lentynoje
K00914,R. Schnold,The Gaon of Vilna,"Spinta H, 2 lentyna",Lentynoje
K00915,Józef Ignacy Kraszewski (Juozas Ignacas Kraševskis),Vytauto Lietuva,"Spinta H, 2 lentyna",Lentynoje
K00916,Jonas Lasickis,Apie žemaičių dievus,"Spinta H, 2 lentyna",Lentynoje
K00918,,Lietuvos metraštis: Bychovco kronika,"Spinta H, 2 lentyna",Lentynoje
K00922,,Sacred Writings,"Spinta H, 3 lentyna",Lentynoje
K00923,Mikalojus Povilas Vilutis,Rinktinė / eseistika,"Spinta H, 3 lentyna",Lentynoje
K00925,,"Nėra to blogo, kas neišeitų į gera?","Spinta H, 3 lentyna",Lentynoje
K00927,Michailas Zygaris (Михаил Зыгарь),Вся кремлевская рать,"Spinta H, 4 lentyna",Lentynoje
K00928,Jonas Öhman,Donbasas,"Spinta H, 4 lentyna",Lentynoje
K00929,Noam Chomsky,Rinktinė,"Spinta H, 4 lentyna",Lentynoje
K00933,,Modern Capital Theory,"Spinta H, 4 lentyna",Lentynoje
K00935,Eimantas Gudas; Žilvinė Petrauskaitė,Gedimino kraujas,"Spinta H, 5 lentyna",Lentynoje
K00936,Ričardas Gavelis,Rinktinė,"Spinta H, 5 lentyna",Lentynoje
K00937,Gintaras Beresnevičius,Rinktinė,"Spinta H, 5 lentyna",Lentynoje
K00939,Salman Rushdie,Šėtoniškos eilės,"Spinta H, 5 lentyna",Lentynoje
K00942,Andrius Tapinas,Rinktinė,"Spinta H, 5 lentyna",Lentynoje
K00946,Niall Ferguson,Civilization,"Spinta H, 6 lentyna",Lentynoje
K00949,Czesław Miłosz,Poetinis traktatas,"Spinta H, 6 lentyna",Lentynoje
K00953,Tacitas,Analai,"Spinta H, 6 lentyna",Lentynoje
K00954,Valdas Rakutis,Karai ir taikos,"Spinta H, 6 lentyna",Lentynoje
K00958,Suetonius,Lives of the Twelve Caesars,"Spinta H, 7 lentyna",Lentynoje
K00960,Gabriel García Márquez (Габриэль Гарсиа Маркес),Rinktinė,"Spinta H, 7 lentyna",Lentynoje
K00962,Aidas Marčėnas,Rinktinė,"Spinta H, 7 lentyna",Lentynoje
K00967,Kapka Kassabova,Elixir: In the Valley at the End of Time,"Spinta H, 7 lentyna",Lentynoje
K00974,Jędrzej Śniadecki (Andrius Sniadeckis),Organiškų būtybių teorija,"Spinta H, 8 lentyna",Lentynoje
K00975,Merlin Sheldrake,Raizgus gyvenimas,"Spinta H, 8 lentyna",Lentynoje
K00977,Paul Baker,Fabulosa!,"Spinta H, 8 lentyna",Lentynoje
K00979,,Etologija,"Spinta H, 8 lentyna",Lentynoje
K00980,,Ką veikia Japonija,"Spinta H, 8 lentyna",Lentynoje
K00981,Andrius Kleiva,Rinktinė,"Spinta H, 8 lentyna",Lentynoje
K00987,Anna Kamińska,Wanda,"Spinta H, 9 lentyna",Lentynoje
K00995,Voltaire (Вольтер),Rinktinė,"Spinta H, 10 lentyna",Lentynoje
K00998,G. W. F. Hegel,Teisės filosofijos apmatai,"Spinta H, 10 lentyna",Lentynoje
K01002,David Hume,Rinktinė,"Spinta H, 10 lentyna",Lentynoje
K01010,Émile Durkheim (Э. Дюркгейм),Rinktinė,"Spinta H, 12 lentyna",Lentynoje
K01019,Plutarchas (Плутарх),Сравнительные жизнеописания (I tomas),"Spinta H, 13 lentyna",Lentynoje
K01020,Erazmas Roterdamietis (Эразм Роттердамский),Rinktinė,"Spinta H, 13 lentyna",Lentynoje
K01023,Ciceronas (Цицерон),Rinktinė,"Spinta H, 13 lentyna",Lentynoje
K01027,,Вьетнамская философия,"Spinta H, 13 lentyna",Lentynoje
K01049,Agatha Christie,Žmogžudystė Rytų eksprese (?),"Spinta I, 2 lentyna",Lentynoje
K01052,Agatha Christie,Slaptas priešininkas (?),"Spinta I, 2 lentyna",Lentynoje
K01064,Arthur Conan Doyle,Šerloko Holmso nuotykiai (II tomas),"Spinta I, 3 lentyna",Lentynoje
K01095,Arturas Klarkas (Arthur C. Clarke),Rinktinė,"Spinta I, 7 lentyna (SF klasika)",Lentynoje
K01100,Jevgenijus Gabrilovičius (?),Franzijos pabaiga (?),"Spinta I, 7 lentyna (SF klasika)",Lentynoje
K01109,Peter Kelder,5 tibetiečių pratimai,"Spinta I, 9 lentyna (sveikata, saviugda)",Lentynoje
K01121,Carl Gustav Jung,Rinktinė,"Spinta I, 10 lentyna (psichologija)",Lentynoje
K01122,James Clear,Atominiai įpročiai,"Spinta I, 10 lentyna (psichologija)",Lentynoje
K01134,Karlos Kastaneda (Карлос Кастанеда),Сочинения (1–4 knygos),"Spinta I, 12 lentyna (Castaneda, Simenon)",Lentynoje
K01135,Georges Simenon (Жорж Сименон),Rinktinė,"Spinta I, 12 lentyna (Castaneda, Simenon)",Lentynoje
K01142,Josifas Brodskis (Josif Brodskij),Rinktinė,"Spinta I, 13 lentyna (rusų klasika)",Lentynoje
K01143,Aleksandras Genis (Александр Генис),Rinktinė,"Spinta I, 13 lentyna (rusų klasika)",Lentynoje
K01145,Michailas Bulgakovas (Михаил Булгаков),Rinktinė (raudonas tomas),"Spinta I, 13 lentyna (rusų klasika)",Lentynoje
K01149,Andrejus Platonovas (Андрей Платонов),Rinktinė (2 tomai),"Spinta I, 13 lentyna (rusų klasika)",Lentynoje
K01150,Borisas Akuninas (Борис Акунин),Rinktinė,"Spinta I, 13 lentyna (rusų klasika)",Lentynoje
K01160,,Tūkstantis li (壹仟里),"Spinta I, 14 lentyna (įvairenybės)",Lentynoje
K01166,Tomas Vulfas (Thomas Wolfe),"Žvelk, angele, į savo namus","Spinta I, 14 lentyna (įvairenybės)",Lentynoje
K01170,Albertas Kamiu (Albert Camus),Svetimas; Krytis,"Spinta I, 15 lentyna (moderni klasika)",Lentynoje
K01173,Gina Lazenby,Feng shui namų knyga,"Spinta I, 16 lentyna (feng shui, sveikata)",Lentynoje
K01174,Stephan Skinner,Feng Shui,"Spinta I, 16 lentyna (feng shui, sveikata)",Lentynoje
K01175,Viktoras Kulvinskas,Kaip išlikti XXI amžiuje: planetos gydytojų vadovas,"Spinta I, 16 lentyna (feng shui, sveikata)",Lentynoje
K01181,Anatolis Fransas (Anatole France),Rinktinė (oranžinis tomas),"Spinta I, 17 lentyna (XX a. klasika)",Lentynoje
K01183,Antoine de Saint-Exupéry,Minčių rinktinė,"Spinta I, 18 lentyna (poezija, esė)",Lentynoje
K01184,Fernando Pessoa,The Book of Disquiet,"Spinta I, 18 lentyna (poezija, esė)",Lentynoje
K01185,Walt Whitman,Leaves of Grass,"Spinta I, 18 lentyna (poezija, esė)",Lentynoje
K01186,Luigi Pirandello,Pirmoji naktis,"Spinta I, 18 lentyna (poezija, esė)",Lentynoje
K01187,Frédéric Beigbeder,"14,99 € (99 francs)","Spinta I, 19 lentyna (Beigbeder, Grisham)",Lentynoje
K01188,Frédéric Beigbeder,Rinktinė (antras tomas),"Spinta I, 19 lentyna (Beigbeder, Grisham)",Lentynoje
K01191,Rein Raud,Brolis,"Spinta I, 19 lentyna (Beigbeder, Grisham)",Lentynoje
K01192,Rein Raud,Rinktinė (antra knyga),"Spinta I, 19 lentyna (Beigbeder, Grisham)",Lentynoje
K01193,,The Orwell Reader,"Spinta I, 19 lentyna (Beigbeder, Grisham)",Lentynoje
K01195,Aldous Huxley,Suvokimo durys; Dangus ir pragaras,"Spinta I, 20 lentyna (Nobelio laureatai)",Lentynoje
K01196,Michailas Bulgakovas,Meistras ir Margarita,"Spinta I, 20 lentyna (Nobelio laureatai)",Lentynoje
K01210,Ernestas Hemingvėjus,Salos vandenyne,"Spinta I, 22 lentyna (Hemingway)",Lentynoje
K01213,Juozas Baltušis,Su kuo valgyta druska (?),"Spinta I, 22 lentyna (Hemingway)",Lentynoje
K01214,Jurga Ivanauskaitė (?),Kelias atgal (?),"Spinta I, 22 lentyna (Hemingway)",Lentynoje
K01215,Erich Maria Remarque (E. M. Remarkas),Dangus neturi numylėtinių,"Spinta I, 22 lentyna (Hemingway)",Lentynoje
K01217,J. D. Selindžeris (J. D. Salinger),Rugiuose prie bedugnės,"Spinta I, 23 lentyna (bitnikai, JAV proza)",Lentynoje
K01218,Jack Kerouac,On the Road,"Spinta I, 23 lentyna (bitnikai, JAV proza)",Lentynoje
K01219,Kurt Vonnegut,Slaughterhouse-Five,"Spinta I, 23 lentyna (bitnikai, JAV proza)",Lentynoje
K01220,Kurt Vonnegut,Cat's Cradle,"Spinta I, 23 lentyna (bitnikai, JAV proza)",Lentynoje
K01221,John Williams,Stoner,"Spinta I, 23 lentyna (bitnikai, JAV proza)",Lentynoje
K01222,Torntonas Vailderis (Thornton Wilder),Aštuntoji diena,"Spinta I, 23 lentyna (bitnikai, JAV proza)",Lentynoje
K01223,Charles Bukowski,Tales of Ordinary Madness,"Spinta I, 23 lentyna (bitnikai, JAV proza)",Lentynoje
K01228,Olga Tokarczuk,Rinktinė (juodas tomas),"Spinta I, 24 lentyna (Tokarczuk)",Lentynoje
K01229,Jaroslavas Hašekas,Šauniojo kareivio Šveiko nuotykiai,"Spinta I, 25 lentyna (Hašek, Laxness)",Lentynoje
K01230,Jaroslavas Hašekas,Šveikas (antras tomas),"Spinta I, 25 lentyna (Hašek, Laxness)",Lentynoje
K01231,Halldór Laxness,Independent People,"Spinta I, 25 lentyna (Hašek, Laxness)",Lentynoje
K01232,Emils Azaras (Émile Ajar / Romain Gary),Gyvenimas dar prieš akis,"Spinta I, 25 lentyna (Hašek, Laxness)",Lentynoje
K01233,Ričardas Pachas (?),Vienas,"Spinta I, 25 lentyna (Hašek, Laxness)",Lentynoje
K01239,Romualdas Granauskas,Apsakymai ir esė (rinktinė),"Spinta I, 26 lentyna (Granauskas)",Lentynoje
K01240,Algimantas Zurba (?),Vincas Pietaris (?),"Spinta I, 26 lentyna (Granauskas)",Lentynoje
K01245,Hans Kmoch (Ганс Кмох),Рубинштейн выигрывает,"Spinta I, 27 lentyna (šachmatai)",Lentynoje
K01250,Kaspar Colling Nielsen,Europos pavasaris,"Spinta I, 28 lentyna (distopijos)",Lentynoje
K01251,Aldous Huxley,Brave New World,"Spinta I, 28 lentyna (distopijos)",Lentynoje
K01252,George Orwell,Animal Farm,"Spinta I, 28 lentyna (distopijos)",Lentynoje
K01253,George Orwell,Gyvulių ūkis,"Spinta I, 28 lentyna (distopijos)",Lentynoje
K01254,Thomas More (Томас Мор),Utopija,"Spinta I, 28 lentyna (distopijos)",Lentynoje
K01255,Karel Čapek (Карел Чапек),Путешествия,"Spinta I, 28 lentyna (distopijos)",Lentynoje
K01256,George Orwell,1984 (lietuviškas),"Spinta I, 28 lentyna (distopijos)",Lentynoje
K01257,George Orwell,1984 (angliškas),"Spinta I, 28 lentyna (distopijos)",Lentynoje
K01258,Ray Bradbury,Fahrenheit 451,"Spinta I, 28 lentyna (distopijos)",Lentynoje
K01259,Agatha Christie,Detektyvų kolekcija (leidykla „Sirokas“ ir kt.),"Spinta I, 29 lentyna (Agatha Christie kolekcija)",Lentynoje
K01261,Arthur Conan Doyle,Šerloko Holmso apysakos (I–II tomai),"Spinta I, 29 lentyna (Agatha Christie kolekcija)",Lentynoje
K01262,Alan Bradley,Flavijos de Lius detektyvai (2 tomai),"Spinta I, 29 lentyna (Agatha Christie kolekcija)",Lentynoje
K01278,,Read Real Japanese: Short Stories by Contemporary Writers,"Spinta I, 30 lentyna (fizika, mokslas)",Lentynoje
K01289,Philipp Dettmer,Imunitetas,"Spinta I, 31 lentyna (mityba, sveikata)",Lentynoje
K01292,,Fitobiogenika (?),"Spinta I, 31 lentyna (mityba, sveikata)",Lentynoje
K01296,Marc Levinson,The Box,"Spinta I, 32 lentyna (verslas, inovacijos)",Lentynoje
K01330,Charles Dickens,A Tale of Two Cities,"Spinta J, 1 niša (mokslo istorija)",Lentynoje
K01332,Adam Rutherford,Creation,"Spinta J, 2 niša (evoliucija, gamtos mokslai)",Lentynoje
K01333,Carl Sagan,Rinktinė (raudona nugarėlė),"Spinta J, 2 niša (evoliucija, gamtos mokslai)",Lentynoje
K01334,Lynn Margulis,Rinktinė,"Spinta J, 2 niša (evoliucija, gamtos mokslai)",Lentynoje
K01350,Sud. Jonas Mekas,"Trys draugai: Jurgis Mačiūnas, Yoko Ono, John Lennon","Spinta J, 5 niša (Nietzsche, Fluxus)",Lentynoje
K01362,,Radvilos / The Radziwills (II tomas),"Spinta J, 7 niša (Radvilos, sociologija)",Lentynoje
K01364,Robert J. Brym; John Lie,Sociology: Your Compass for a New World (3rd ed.),"Spinta J, 7 niša (Radvilos, sociologija)",Lentynoje
K01365,,Lietuvos istorija (senas leidimas),"Spinta J, 7 niša (Radvilos, sociologija)",Lentynoje
K01375,V. Hugo,Rinktinė,"Spinta J, 8 niša (klasika)",Lentynoje
K01379,Niall Ferguson,Doom: The Politics of Catastrophe,"Spinta J, 9 niša (sociologija, filosofija)",Lentynoje
K01380,Umberto Eco,Rinktinė (ALK leidimas),"Spinta J, 9 niša (sociologija, filosofija)",Lentynoje
K01385,,Sodininkystės knygų kolekcija (~22 tomai),"Spinta J, 10 niša (sodininkystė, mišri)",Lentynoje
K01388,Stasys Samalavičius,Rinktinė (IV tomas),"Spinta J, 10 niša (sodininkystė, mišri)",Lentynoje
K01393,Konfucijus,Rinktinė (mažas tomelis),"Spinta J, 11 niša (senoji klasika, vokiečių)",Lentynoje
K01414,Miguel de Cervantes,Don Kichotas (II tomas),"Spinta J, 13 niša (pasaulio klasika)",Lentynoje
K01415,Vladas Drėma,Raštai / albumai (2 tomai),"Spinta J, 13 niša (pasaulio klasika)",Lentynoje
K01419,Ovidijus,Rinktinė,"Spinta J, 13 niša (pasaulio klasika)",Lentynoje
K01432,,Vilnius (geltonas gidas),"Spinta J, 14 niša (Vilnius, miestai)",Lentynoje
K01440,Kirilas Privalovas (Кирилл Привалов),Секты: досье страха,"Spinta J, 15 niša (religijotyra)",Lentynoje
K01443,G. P. Aksionovas (Г. П. Аксенов),От христианства до ноосферы,"Spinta J, 15 niša (religijotyra)",Lentynoje
K01461,Bernhard Moestl,Šaolinas,"Spinta J, 16 niša (Rytų religijos)",Lentynoje
K01466,Šunriu Sudzukis (Сюнрю Судзуки),Rinktinė (dzen),"Spinta J, 16 niša (Rytų religijos)",Lentynoje
K01477,Algimantas Kutas (?),Kuksando,"Spinta J, 16 niša (Rytų religijos)",Lentynoje
K01478,Albertas Vijūkas-Kojelavičius,Lietuvos istorija (senasis leidimas),"Spinta J, 17 lentyna (Lietuvos istoriografija)",Lentynoje
K01491,Edvardas Gudavičius,Lietuvos istorija (I tomas): nuo seniausių laikų iki 1569 metų,"Spinta J, 17 lentyna (Lietuvos istoriografija)",Lentynoje
K01493,,Regni Poloniae Magnique Ducatus Lithuaniae... (faksimilė),"Spinta J, 17 lentyna (Lietuvos istoriografija)",Lentynoje
K01501,Leonas Karsavinas,Europos kultūros istorija (3 tomas),"Spinta J, 18 lentyna (kultūros istorija)",Lentynoje
K01512,Vytenis Almonaitis; Junona Almonaitienė,Pietų ceklis,"Spinta J, 19 niša (baltistika)",Lentynoje
K01516,Laurynas Katkus,Už 7 gatvių (eilėraščiai),"Spinta J, 20 niša (mišri apatinė)",Lentynoje
K01519,,Lietuvos narystė Europos Sąjungoje (3),"Spinta J, 20 niša (mišri apatinė)",Lentynoje
K01524,,Chejeros dalados (?),"Spinta J, 21 niša (Antika, Troja)",Lentynoje
K01525,A. Šveiceris (Albert Schweitzer) (?),Rinktinė,"Spinta J, 21 niša (Antika, Troja)",Lentynoje
K01532,,South Africa (Insight Guides),"Spinta J, 23 niša (kelionių istorijos)",Lentynoje
K01537,,Гималаи: каменная книга (?),"Spinta J, 23 niša (kelionių istorijos)",Lentynoje
K01543,Markas Tvenas (Марк Твен),Жанна д'Арк,"Spinta J, 25 niša (Mark Twain)",Lentynoje
K01547,O. Henris; Džekas Londonas,Rinktinė (bendras tomas),"Spinta J, 25 niša (Mark Twain)",Lentynoje
K01563,,Spaghetti (kolekcinis leidimas dėžutėje),"Virtuvės spinta, 1 lentyna (kulinarijos klasika)",Lentynoje
K01569,,Veganiška virtuvė,"Virtuvės spinta, 2 lentyna (kulinarija)",Lentynoje
K01572,,Anthropologie de la cuisine (?),"Virtuvės spinta, 2 lentyna (kulinarija)",Lentynoje
K01578,Žvilė Povilaitytė-Buzaitė (?),Skanaus! Dėl angliavandenių,"Virtuvės spinta, 2 lentyna (kulinarija)",Lentynoje
K01580,Marius Abramavičius-Neboisia,Vizionierius (?),"Virtuvės spinta, 2 lentyna (kulinarija)",Lentynoje
K01584,,Literatų virtuvė,"Virtuvės spinta, 2 lentyna (kulinarija)",Lentynoje
K01587,Gérard Depardieu,Kulinarijos knyga,"Virtuvės spinta, 2 lentyna (kulinarija)",Lentynoje
K01593,Winston S. Churchill,Antrasis pasaulinis karas: Pakeliui į katastrofą (I tomas),Ant stalo (be lentynos),Lentynoje
K01607,Juozas Požėra,Mano teismai (?),"Spinta D (balta), 10 lentyna (lietuvių proza)",Lentynoje
K01624,Arvydas Ambrasas,Rinktinė (2 tomai),"Spinta D (balta), 12 lentyna (lietuvių klasika, seni tomai)",Lentynoje
K01625,Algimantas Baltakis,Rinktinė,"Spinta D (balta), 12 lentyna (lietuvių klasika, seni tomai)",Lentynoje
K01627,Kazys Boruta,Rinktinė (antras tomas),"Spinta D (balta), 12 lentyna (lietuvių klasika, seni tomai)",Lentynoje
K01630,Kristijonas Donelaitis,Metai (dar vienas leidimas),"Spinta D (balta), 12 lentyna (lietuvių klasika, seni tomai)",Lentynoje
K01637,Sergejus Jovaiša,Krepšinio ABC (?),"Spinta D (balta), spintelė (sportas, teisė)",Lentynoje
K01641,Karlas Popperis (Карл Поппер),Открытое общество и его враги (I tomas),"Spinta D (balta), filosofijos lentyna (viršutinė)",Lentynoje
K01642,Karlas Popperis (Карл Поппер),Открытое общество и его враги (II tomas),"Spinta D (balta), filosofijos lentyna (viršutinė)",Lentynoje
K01643,John Locke (Локк),Сочинения (1 tomas),"Spinta D (balta), filosofijos lentyna (viršutinė)",Lentynoje
K01644,John Locke (Локк),Сочинения (2 tomas),"Spinta D (balta), filosofijos lentyna (viršutinė)",Lentynoje
K01645,John Locke (Локк),Сочинения (3 tomas),"Spinta D (balta), filosofijos lentyna (viršutinė)",Lentynoje
K01657,Émile Durkheim (Э. Дюркгейм),Rinktinė (mėlynas tomas),"Spinta D (balta), filosofijos lentyna (apatinė)",Lentynoje
K01659,Carlas Gustavas Jungas (Карл Густав Юнг),Rinktinė (raudonas tomas),"Spinta D (balta), filosofijos lentyna (apatinė)",Lentynoje
K01660,"Ibn Sina (Avicena, Ибн Сина)",Rinktinė,"Spinta D (balta), filosofijos lentyna (apatinė)",Lentynoje
K01672,V. L. Larinas (В. Л. Ларин),По Юго-Западному Китаю,"Medinė lentyna, 1 lentyna (kelionės)",Lentynoje
K01682,Gerimantas Statinis,Rinktinė (kelionių),"Medinė lentyna, 1 lentyna (kelionės)",Lentynoje
K01685,Magnus,Athens,"Medinė lentyna, 1 lentyna (kelionės)",Lentynoje
K01691,Luciano Artusi (?),Firenze: gidas,"Medinė lentyna, 1 lentyna (kelionės)",Lentynoje
K01693,,Lionginas Šepetys,"Medinė lentyna, 1 lentyna (kelionės)",Lentynoje
K01694,Justas Vincas Paleckis,Rinktinė,"Medinė lentyna, 1 lentyna (kelionės)",Lentynoje
K01696,,Histoire de France,"Medinė lentyna, 1 lentyna (kelionės)",Lentynoje
K01697,,Les Dirigeants (de Verringetorix à la Ve République),"Medinė lentyna, 1 lentyna (kelionės)",Lentynoje
K01699,,"Vilniaus istorija (XIII a.–1795 m., I tomas)","Medinė lentyna, 2 lentyna (dailės albumai)",Lentynoje
K01701,,Public Space,"Medinė lentyna, 2 lentyna (dailės albumai)",Lentynoje
K01707,,Caspar David Friedrich,"Medinė lentyna, 2 lentyna (dailės albumai)",Lentynoje
K01710,Stasys Krasauskas (Стасис Красаускас),Albumas,"Medinė lentyna, 2 lentyna (dailės albumai)",Lentynoje
K01714,Algimantas Aleksandravičius,Fotografijų albumas,"Medinė lentyna, 2 lentyna (dailės albumai)",Lentynoje
K01715,,Augustinas Savickas (2 tomai),"Medinė lentyna, 2 lentyna (dailės albumai)",Lentynoje
K01718,,Lietuvos sakralinė dailė / Sacred Art of Lithuania,"Medinė lentyna, 2 lentyna (dailės albumai)",Lentynoje
K01728,Laurent Ballesta; Pierre Descamp (?),Planeta / vandenynai (mėlynas tomas),"Medinė lentyna, 3 lentyna (atlasai, geografija)",Lentynoje
K01738,Rokas Pralgauskas (?),Rinktinė,"Medinė lentyna, 4 lentyna (albumai, Vilniaus istorija)",Lentynoje
K01740,,Knyga armėnų kalba,"Medinė lentyna, 4 lentyna (albumai, Vilniaus istorija)",Lentynoje
K01744,,Vilniaus istorija: 1915–1990 metai (III tomas),"Medinė lentyna, 4 lentyna (albumai, Vilniaus istorija)",Lentynoje
K01745,,Vilniaus istorija: 1795–1914 metai (II tomas),"Medinė lentyna, 4 lentyna (albumai, Vilniaus istorija)",Lentynoje
K01747,,Виталий Бутырин: избранные работы,"Medinė lentyna, 4 lentyna (albumai, Vilniaus istorija)",Lentynoje
K01758,Vilius Kavaliauskas (?),Lietuvos karininko fotoalbumas,"Medinė lentyna, 5 lentyna (kinas, menas, muzika)",Lentynoje
K01761,,"Distelgewächs, das mich ergriff (?)","Medinė lentyna, 5 lentyna (kinas, menas, muzika)",Lentynoje
K01762,,Gitarre (mokykla / albumas),"Medinė lentyna, 5 lentyna (kinas, menas, muzika)",Lentynoje
K01775,,Sing Out!,"Medinė lentyna, 6 lentyna (sveikata, gamta)",Lentynoje
K01797,Ignas Burneika,Vilniaus panoramos,"Medinė lentyna, 5 lentyna (kinas, menas, muzika)",Lentynoje
K01799,,CN Tower Toronto / La Tour CN (suvenyrinis leidinys),"Medinė lentyna, 6 lentyna (sveikata, gamta)",Lentynoje
K01802,Rudolf Jaeger (?),Grillmeister: die besten Rezepte,"Medinė lentyna, 7 lentyna (kulinarija)",Lentynoje
K01810,,Žvaigždžių virtuvė (?),"Medinė lentyna, 7 lentyna (kulinarija)",Lentynoje
K01814,Julia Child (Джулия Чайлд),Rinktinė (raudonas tomas),"Medinė lentyna, 7 lentyna (kulinarija)",Lentynoje
K01825,Jamie Oliver (Джейми Оливер),Кулинарная книга (rusiškas leidimas),"Medinė lentyna, 7 lentyna (kulinarija)",Lentynoje
K01843,Ernesto Che Guevara,Guerrilla Warfare,"Medinė lentyna, 9 niša (gamta, gyvūnai)",Lentynoje
K01847,,701 (raudonas leidinys),"Medinė lentyna, 9 niša (gamta, gyvūnai)",Lentynoje
K01851,James Le Fanu,Kodėl mes?,"Medinė lentyna, 9 niša (gamta, gyvūnai)",Lentynoje
K01863,Peter Fader; Sarah Toms,The Customer Centricity Playbook,"Kampinė lentyna (darbo kambarys), 1 lentyna (verslas)",Lentynoje
K01864,Richard H. Thaler; Cass R. Sunstein,"Nudge: Improving Decisions About Health, Wealth and Happiness","Kampinė lentyna (darbo kambarys), 1 lentyna (verslas)",Lentynoje
K01877,Dominic O'Brien,How to Develop a Brilliant Memory,"Kampinė lentyna (darbo kambarys), 2 lentyna (analitika)",Lentynoje
K01878,Carlo Rovelli,Seven Brief Lessons on Physics,"Kampinė lentyna (darbo kambarys), 2 lentyna (analitika)",Lentynoje
K01881,Oscar Wilde,The Canterville Ghost / Il fantasma di Canterville,"Kampinė lentyna (darbo kambarys), 2 lentyna (analitika)",Lentynoje
K01891,Steven D. Levitt; Stephen J. Dubner,Keistonomika,"Kampinė lentyna (darbo kambarys), 2 lentyna (analitika)",Lentynoje
K01892,Robert Anton Wilson (Роберт Антон Уилсон),Квантовая психология,"Kampinė lentyna (darbo kambarys), 2 lentyna (analitika)",Lentynoje
K01893,Karlos Kastaneda (Карлос Кастанеда),The Art of Dreaming / Искусство сновидения,"Kampinė lentyna (darbo kambarys), 2 lentyna (analitika)",Lentynoje
K01894,Stephen Few,Information Dashboard Design,"Kampinė lentyna (darbo kambarys), 2 lentyna (analitika)",Lentynoje
K01895,Stephen Few,Now You See It,"Kampinė lentyna (darbo kambarys), 2 lentyna (analitika)",Lentynoje
K01906,Thomas Curran,Tobulumo spąstai,"Kampinė lentyna (darbo kambarys), 3 lentyna (kalbos)",Lentynoje
K01907,Zygmunt Bauman; Rein Raud,Praktikos ir savastis (?),"Kampinė lentyna (darbo kambarys), 3 lentyna (kalbos)",Lentynoje
K01911,A. J. Thomson; A. V. Martinet,A Practical English Grammar,"Kampinė lentyna (darbo kambarys), 3 lentyna (kalbos)",Lentynoje
K01915,,Berlitz Essential Italian,"Kampinė lentyna (darbo kambarys), 3 lentyna (kalbos)",Lentynoje
K01916,Simonas Jurkevičius,AmoRoma: italų kalbos gidas pradedantiesiems,"Kampinė lentyna (darbo kambarys), 3 lentyna (kalbos)",Lentynoje