Patalpa,Lentyna,Lentynos nuotrauka,Viršelių nuotraukų,Perskaityta knygų,Sulieta su senais,Naujų,Neįskaitomų,Pastabos
Žagarinė miegamasis,1,Zagarine Miegamasis 1.JPG,0,0,0,0,0,"lentynos numeris „1“ pieštuku užrašytas ant lentos krašto po viduriniąja eile — tai ir yra tikslinė eilė · 1-oje lentynoje knygų nėra: stovi juodo arklio figūrėlė, vielinė krepšelio formos dėžutė, gipsinė detalė, varpelis, dvi įrėmintos nuotraukos, raižytas metalinis papuošalų dėžutės formos daiktas, medinė dėžutė su gėlių paveikslėliu ir stiklinis suvenyras · virš 1-os lentynos esančioje eilėje sudėti Esselte segtuvai su dokumentais (ŽG deklaravimas, sutartys 1998–2004, Žagarinės archyvas ir pan.) — tai ne knygos ir jos priklauso kitai lentynai"
Žagarinė miegamasis,2,Zagarine miegamasis 2.JPG,0,0,0,0,0,"Lentynoje virš pieštuku užrašyto numerio „2“ knygų nėra: joje stovi įrėmintos nuotraukos (didelis baltas rėmas, vielinis rėmelis, trys tamsūs rėmeliai) ir dekoratyvinė mėlyna dėžutė / lėkštė · Žemiau esančioje lentynoje (numeris 3) matyti knygų („Matai – darai“ ir kt.), bet jos nepriklauso šiai lentynai ir čia nerašomos"
Žagarinė miegamasis,3,Zagarine miegamasis 3.JPG,0,5,2,2,1,"lentynos numeris „3“ pieštuku užrašytas ant lentos krašto po eile su pilka veltinio dėže ir knygomis dešinėje — transkribuota ši eilė (virš jos esanti lenta pažymėta „2“) · pos 1: knyga už rėmelių lieka neatpažinta · didžiąją 3-osios lentynos dalį užima ne knygos: pilka veltinio dėžė su juoda kepure, rausva audinio dėžutė, medinė raižyta dėžutė ir du mediniai nuotraukų rėmeliai · dešinėje, už vertikalios pertvaros, yra atskira sekcija su dėžutėmis (MAGNET…) ir akmens plokšte — knygų joje nėra"
Žagarinė miegamasis,4,Zagarine miegamasis 4.JPG,0,0,0,0,0,"Lentynos numeris 4 aiškiai užrašytas pieštuku ant lentos krašto; virš jo esančioje nišoje knygų nėra — tik dovanų popieriaus rulonas, dvi raudonos audeklinės dėžutės, batų dėžė ir tamsiai mėlynas archyvinis aplankas (dėžė). · Dešinėje, už vertikalios pertvaros, matyti kita niša su knygomis (tarp jų Philip Pullman „Jo tamsiosios jėgos“), tačiau ji nepriklauso 4-ai lentynai. · Viršutinė niša virš užrašo „3“ (Randall Munroe „What if?“, „Matai — darai“ ir kt.) taip pat neįrašyta — tai 3-ia lentyna."
Žagarinė miegamasis,5,Zagarine miegamasis 5.JPG,0,6,0,0,6,"visa lentyna: knygos sudėtos plokščiai į krūvą, matyti tik lapų briaunos ir viršelių kraštai — nė vieno pavadinimo perskaityti neįmanoma · pos 1–2: gali būti vienas odinis albumas su dviem dalimis, o ne du atskiri daiktai · kairėje kadro pusėje stovintis leidinys su katėmis („...vės“) stovi ant kitos, žemesnės lentos, ne ant lentos, pažymėtos 5, todėl neįrašytas"
Žagarinė miegamasis,6,Zagarine miegamasis 6.JPG,0,2,0,2,0,"lentynoje 6 knygų beveik nėra: didžiąją dalį užima įrėmintas Ūkininko ūkio įregistravimo pažymėjimas, pilka veltinio dėžė, plastiko plėvele įvynioti ELBA segtuvai su dokumentais, popieriaus ritinys ir pieštukai — tai ne knygos ir į sąrašą neįtraukta · pos 2: neaišku, ar „Patagonia“ yra knyga, ar dekoratyvinė skardinė lentelė · dėžės viduje gali būti daugiau leidinių, matoma tik priekinio (raudono) viršelio dalis"
Žagarinė miegamasis,7,Zagarine miegamasis 7.JPG,0,32,11,13,8,"Kairiajame lentynos gale stovi juodas dokumentų dėklas su palaidais lapais ir aplankais — tai ne knygos, todėl neįtraukta; pos 1 yra už jo pasviręs leidinys · pos 5, 7, 8, 11, 19, 20, 23: nugarėlės neįskaitomos (per smulkus šriftas, šešėlis arba visai be teksto) · pos 6: manga su etikete „Toriyama Akira“ — pavadinimo nugarėlėje nėra · pos 27: dešiniajame lentynos gale knyga stipriai šešėlyje, pavadinimas atkurtas tik iš dviejų įskaitomų žodžių · pos 29–32: keturios knygos guli horizontaliai antroje eilėje virš stovinčių; jų vieta eilėje sąlyginė"
Žagarinė miegamasis,8,Zagarine miegamasis 8.JPG,0,15,5,4,6,"Lentynoje 8 kairėje stovi pilka veltinio dėžė su HP rašalo kasetėmis, dešinėje — juoda dėžutė ir pilki dokumentų aplankai; jie neįrašyti kaip knygos · pos 4, 6, 7, 8, 12, 15: nugarėlės uždengtos arba be įskaitomo pavadinimo · Už priekinių knygų gali būti dar kelios visiškai uždengtos knygos"
Žagarinė miegamasis,9,Zagarine miegamasis 9.JPG,0,3,1,1,1,"lentynos numeris „9“ pieštuku užrašytas ant lentos krašto po viduriniąja eile — transkribuota ši eilė (virš jos esanti lenta pažymėta „8“) · pos 1: tomo pavadinimas auksinėmis raidėmis ant viršelio neįskaitomas · pos 2–3: nuotrauka šioje vietoje neryški, tekstas beveik neįskaitomas · likusi 9-os lentynos dalis — ne knygos: juodas stovas, dvi raudonos archyvinės dėžės, juodas dokumentų stovas su segtuvais ir popieriais, juodas planšetės formos daiktas"
Žagarinė miegamasis,10,Zagarine miegamasis 10.JPG,0,0,0,0,0,"Lentynos numeris 10 aiškiai užrašytas pieštuku ant lentos krašto; virš jo esančioje nišoje knygų nėra — tik rašiklių indas, juodas dokumentų dėklas ir stalo žaidimo „Carcassonne“ dėžė. · Viršutinė niša virš užrašo „9“ (Philip Pullman „Jo tamsiosios jėgos“, „Pastrum“(?) ir japoniška knyga) neįrašyta — tai 9-a lentyna."
Žagarinė priepirtis,1,Zagarine priepirtis 1.JPG,0,13,10,1,2,"pos 2 ir pos 10: dvi knygos stovi giliau ir yra beveik visiškai užstotos — nugarėlių teksto nematyti · pos 11: „Išrinktasis. Blogio imperijos iškilimas“ — neaišku, kuri dalis yra serijos, kuri knygos pavadinimas; autoriaus nugarėlėje nėra"
Žagarinė priepirtis,2,Zagarine priepirtis 2.JPG,2,18,7,10,1,"Lentynos numeris 2 užrašytas ant apatinės lentos krašto; virš jo stovinti eilė (pos 1–16) priskirta 2-ai lentynai, o viršutinė eilė virš užrašo „1“ — ne. · pos 7–10, 12, 15–16: serijinės fantastikos knygos — ant nugarėlių tik pavadinimas ir serijos numeris, autorių nematyti. · pos 11: violetinė knyga atsukta nugara, pavadinimo perskaityti neįmanoma. · pos 17–18: viršelių nuotraukos 2_1 ir 2_2 darytos rankoje prieš kitą lentyną; šių knygų lentynos nuotraukoje sutapatinti nepavyko."
Žagarinė priepirtis,3,Zagarine priepirtis 3.JPG,2,12,10,2,0,"pos 8: Gustavo Švabo trijų tomų komplektas — nugarėlėse pavadinimo nėra · pos 9: žalios knygos nugarėlė neįskaitoma (knyga pasukta); tapatinimas su Homero „Odisėja“ iš nuotraukos 3_1 yra prielaida · pos 10: autorių pavardės perskaitytos apytiksliai („E. Temkinas, V. Ermanas“)"
Žagarinė priepirtis,4,Zagarine priepirtis 4.JPG,5,15,8,7,0,"Lentynos numeris 4 aiškiai užrašytas pieštuku ant lentos krašto — skaityta viršutinė eilė (10 knygų). · pos 9: Ž. Simenonas „Pirmoji Megrė užduotis“ — nugarėlės tekstas nublukęs, perskaityta iš priartinto kadro. · pos 11–15: viršelių nuotraukos 4_1–4_5 darytos rankoje prieš kitą spintos dalį (fone matyti lentyna „3“); šių knygų lentynos nuotraukoje sutapatinti nepavyko."
Žagarinė priepirtis,5,Zagarine priepirtis 5.JPG,1,17,8,8,1,"pos 6: mėlyna „Žvaigždžių karai“ knyga — autorius ir serijos dalis neįskaitomi · pos 12: žalia Oxford knygelė be matomo pavadinimo · pos 17: viršelio nuotraukoje nufotografuota knyga, lentynoje neatpažinta"
Žagarinė priepirtis,6,Zagarine priepirtis 6.JPG,0,6,1,1,4,"lentynos nuotrauka stipriai neryški (judesio suliejimas) — atskirų žurnalų numerių identifikuoti neįmanoma · lentynoje beveik vien periodika: įrašai 2, 4 ir 6 yra grupiniai, su apytiksliu vienetų skaičiumi natoje; iš viso lentynoje apie 45–50 fizinių leidinių · pos 5: pavadinimo pradžia užstota gretimų žurnalų"
Žagarinė priepirtis,7,Zagarine priepirtis 7.JPG,2,11,8,2,1,"pos 4 ir 8: antroje eilėje matosi dviejų knygų viršutiniai kraštai; sutapatinti su viršelių nuotraukomis 7_2 ir 7_1 spėjant · pos 11: raudonas spiralinis leidinys — teksto neįmanoma perskaityti (apverstas, neryškus) · lentyna nepilna — dešinėje pusėje tuščia vieta"
Žagarinė priepirtis,8,Zagarine priepirtis 8.JPG,2,16,2,2,12,"visa lentynos nuotrauka „Zagarine priepirtis 8.JPG“ neryški (ne fokuse) — beveik visos nugarėlės neįskaitomos; perskaityti pavyko tik du stambiausius užrašus (pos 12 ir 13) · lentynos numeris patvirtintas: virš lentos su užrašu „8“ esanti eilė (viršutinė lenta pažymėta „7“) · pos 1–11, 14: transkribuota tik pagal spalvą ir formatą; knygų skaičius (16) taip pat apytikslis — gilumoje gali būti daugiau visiškai uždengtų knygų · pos 15–16: viršelių nuotraukose nufotografuotos knygos su lentynos nugarėlėmis sutapatintos spėjamai (pagal spalvą ir vietą), nes nugarėlių tekstas neįskaitomas · nuotraukoje „Zagarine priepirtis 8_2.JPG“ fone matoma ta pati lentyna kiek ryškiau, bet užrašai vis tiek neįskaitomi"
Žagarinė priepirtis,9,Zagarine priepirtis 9.JPG,1,9,7,2,0,"pos 9: „Chiromantija“ žinoma tik iš viršelio nuotraukos — lentynos kadre šios brošiūros nugarėlės rasti nepavyko, todėl jos tikroji vieta eilėje nenustatyta · pos 5: Paolini knygos pavadinimas ant juodos nugarėlės surašytas stilizuotu šriftu, perskaityta „Ugnies karta“ su išlyga"
Žagarinė priepirtis,10,Zagarine priepirtis 10.JPG,0,12,10,2,0,"Lentynos nuotrauka „Zagarine priepirtis 10.JPG“ yra stipriai neryški — nugarėlės iš jos neįskaitomos; visos knygos perskaitytos iš tos pačios lentynos, patekusios į „Zagarine priepirtis 9.JPG“ apatinę kadro dalį, todėl pavadinimų patikimumas 0,6–0,8 · pos 2 ir 12: Dean Lorey „Košmarų akademija“ ciklo dalių paantraštės („Pabaisų medžiotojai“, „Monstrų kūrėjas“) perskaitytos su išlyga · pos 7: „Tūkstantis ir viena naktis“ — dekoratyvus šriftas neryškioje nuotraukoje, autorius / sudarytojas nenurodytas"
Žagarinė priepirtis,11,Zagarine priepirtis 11.JPG,0,15,2,1,12,Visa nuotrauka „Zagarine priepirtis 11.JPG“ yra neryški (ne fokuse) — daugumos nugarėlių perskaityti neįmanoma; reikėtų perfotografuoti · pos 6–11: pakrypusių žalsvų knygų/žurnalų krūvoje tikslus skaičius neaiškus (6 ± 1) · pos 12: pirmas pavadinimo žodis neperskaitomas
Žagarinė priepirtis,12,Zagarine priepirtis 12.JPG,0,0,0,0,0,"lentynos numeris „12“ pieštuku užrašytas ant lentos krašto po eile su periodiniais leidiniais (virš jos esanti lenta pažymėta „11“) — transkribuota būtent ši eilė · 12-oje lentynoje knygų nėra: visa lentyna nuo krašto iki krašto prikimšta plonų žurnalų ir periodinių leidinių, sustatytų statmenai, šonais į priekį · žurnalai matomi tik lapų pjūviais — nė vieno pavadinimo ar nugarėlės užrašo perskaityti neįmanoma; nuotrauka toje vietoje dar ir neryški · apytikslis leidinių skaičius — apie 100–130 vienetų (dvi tankios grupės: kairėje apie 40, dešinėje apie 80) · virš 12-os lentynos (11-oje) matomos knygos — Mario Puzo, „Gyvūnų stebuklai“, „The Algebraist“ ir kt. — priklauso 11-ai lentynai ir čia neįrašytos"
Žagarinė priepirtis,13,Zagarine priepirtis 13.JPG,0,12,10,1,1,"Lentynos numeris 13 aiškiai užrašytas pieštuku ant lentos krašto — skaityta virš jo stovinti eilė. · pos 1 ir pos 9: abi nugarėlės skaitomos vienodai („Marius Pietaris ir juodasis bokštas“, 2) — arba du egzemplioriai, arba skirtingi tos pačios knygos leidimai. · pos 10: plona knyga už kitų, pavadinimo perskaityti neįmanoma. · „Marius Pietaris“ serijos knygose autorius ant nugarėlės nenurodytas — tik monograma „MP“."
Žagarinė priepirtis,14,Zagarine priepirtis 14.JPG,0,7,3,1,3,"pos 2–4: trys didelio formato leidiniai guli plokščiai arba atsukti viršeliu — pavadinimų perskaityti neįmanoma; pos 2 gali būti ir ne knyga (galimai stalo žaidimo dėžė) · lentynoje taip pat guli medinė išilginė fleita — ne knyga, neįrašyta"
Žagarinė priepirtis,15,Zagarine priepirtis 15.JPG,0,7,6,1,0,"tarp knygų matomi balti suplyšusių aplankų skiautės — tai ne atskiros knygos · lentyna užimta tik iš dalies, dešinėje pusėje tuščia"
Žagarinė priepirtis,16,Zagarine priepirtis 16.JPG,1,22,13,5,4,"Lentynos numeris 16 užrašytas ant apatinės lentos krašto; virš jo stovinti eilė priskirta 16-ai lentynai (eilė virš užrašo „15“ — Hario Poterio knygos — neįrašyta). · pos 1, 9, 13, 20: keturios knygos be įskaitomo teksto ant nugarėlės (pasvirusios arba susidėvėjusios). · pos 14: Vincas Krėvė — matyti tik autoriaus vardas. · pos 19: „Mažoji muzikos istorija“ — nublukęs tekstas ant drobinės nugarėlės. · pos 22: viršelio nuotrauka 16_1 daryta rankoje kitoje patalpos vietoje; lentynos nuotraukoje sutapatinti nepavyko."
Žagarinė priepirtis,17,Zagarine priepirtis 17.JPG,0,26,16,3,7,"pos 1–4: kairysis kampas labai tankus, kelios knygos stovi aukštyn kojomis ir pakrypusios — ribos tarp jų neaiškios; „King-Smith“ knygos pavadinimo nematyti · pos 3 ir 11: užpakalinės eilės knygos (kreminė su juodu piešiniu ir žalia) — matyti tik viršutiniai kraštai · pos 8: pilkšva nugarėlė su smulkiu tekstu tarp „BOND“ ir „Swimmy“ — neįskaitoma · pos 12: mažesnė raudona knygelė prie didžiojo „Merė Popins“ tomo — gali būti atskiras tomas arba to paties tomo aplankas · pos 18: plona suplyšusi knygelė tarp „Lietuvių liaudies anekdotų“ ir „Barono Miunhauzeno nuotykių“ — be įskaitomo teksto · pos 24: juoda įspausta nugarėlė — pavadinimas neaiškus, panašu į „DEIVĖ LAIMĖS LEM…“"
Žagarinė priepirtis,18,Zagarine priepirtis 18.JPG,0,28,12,8,8,"pos 5, 6, 8: knygos stovi antroje eilėje arba yra uždengtos priekinių, nugarėlių tekstas neįskaitomas · pos 9: „4 ½ draugo“ ciklo dalis — serijos antraštė įskaitoma, konkretaus tomo pavadinimas ne · pos 10–13: Egmont serijos „Donaldas ir kiti“ tomai su dviejų istorijų antraštėmis; ilgos antraštės perskaitytos įstrižai, galimi netikslumai žodžių gale · pos 17–19: trys ploni pilki leidiniai / sąsiuviniai be jokių užrašų; jų kiekis gali svyruoti ±1 · pos 1: „Walt Disney“ leidinio pavadinimo ant nugarėlės nėra"
Žagarinė salonas,1,Zagarine Salonas 1.JPG,0,8,7,1,0,"lentynos numeris „1“ aiškiai matomas ant lentos krašto po knygomis; eilė virš jo perskaityta visa (8 knygos, lentynos kairė pusė tuščia) · pos 2: rusiška alpinizmo knyga be matomo autoriaus, tekstas nugarėlėje apverstas"
Žagarinė salonas,2,Zagarine Salonas 2.JPG,0,13,12,0,1,"lentynos numeris „2“ aiškiai matomas ant lentos krašto po knygomis (virš jo — aprašyta eilė; aukščiau esanti eilė pažymėta „1“) · pos 1–2: K. Popperio tomų nugarėlėse pavadinimo nėra, tik autorius ir tomo numeris · pos 9–10: S. Daukanto tomo pavadinimas nematomas; už jo pasvirusi dar viena knyga be įskaitomos nugarėlės"
Žagarinė salonas,3,Zagarine Salonas 3.JPG,0,17,15,2,0,"Lentynos numeris „3“ aiškiai užrašytas ant lentos po eile; virš jos esanti lenta pažymėta „2“ – eilė identifikuota patikimai. · Lentyna nufotografuota visa: matyti ir kairysis, ir dešinysis galas; viršelių (_N) nuotraukų šiai lentynai nėra. · pos 5, 7, 8, 17: ant nugarėlių matyti tik autoriai, pavadinimų nėra. · Tarp pos 4 (I. Kantas) ir pos 5 (Э. Дюркгейм) matyti juodas paviršius su baltais laužtiniais ženklais – laikau, kad tai pakrypusios Kanto knygos priekinis viršelis, o ne atskira knyga. · pos 15: „Saulabroliai“ – ant nugarėlės atspausta „SAULAB ROLIAI“."
Žagarinė salonas,4,Zagarine Salonas 4.JPG,0,0,0,0,0,"Lentynoje 4 knygų nėra — tai dekoratyvinė niša: prie galinės sienelės atremtas plokštelės / plakato viršelis „CinAmono duo. Vytis Nivinskas · Laura Budreckytė“, priekyje keramikinis dubuo su gintaro gabalėliais, žalsva vazelė su raudona rože, po dubeniu padėkliukas su užrašu „MÁLAGA“, dešinėje atvirukas su miesto vaizdu ir odinis dirželis. · Lentynos numeris „4“ aiškiai užrašytas ant lentos krašto po šia niša; eilės virš „3“ ir po „4“ priklauso kitoms lentynoms ir neįrašytos."
Žagarinė salonas,5,Zagarine Salonas 5.JPG,21,31,11,20,0,"Lentynos numeris „5“ pieštuku matomas ant lentos, virš kurios stovi ši knygų eilė (virš jos esanti lenta pažymėta „4“), todėl eilė priskirta 5-ai lentynai. · pos 4: už juodos Donato Katkaus knygos antroje eilėje stovi balta knyga, matomas tik užrašas „Donatas K...“ — pavadinimas neįskaitomas. · pos 10: ant „kitas pasaulis“ viršelio esantis autoriaus vardas per smulkus; nugarėlėje autorius nurodytas kaip „RoRa“. · pos 11–31: nė viena iš 21 viršelio nuotraukos knygų neatpažįstama lentynos nuotraukoje — jos nufotografuotos atskirai (16 ant medinių grindų, 5 ant stalo), todėl įrašytos kaip atskiri įrašai su source „cover“. · pos 26: „Tapyba“ (Vaga, Vilnius, 1968) — pavadinimas užrašytas teptuko šriftu, skaitymas nevisiškai tikras."
Žagarinė salonas,7,Zagarine Salonas 7.JPG,0,9,6,1,2,"Lentynos numeris „7“ įskaitomas ant apatinės lentos; virš jo esanti eilė ir įrašyta. Eilė virš užrašo „6“ (Vytautas Petkevičius ir kt.) nerašyta – ji priklauso 6-ai lentynai. · pos 3 ir pos 5: dvi knygos įstumtos už pirmos eilės, matosi tik viršutiniai kraštai – pavadinimų perskaityti neįmanoma. · Ši lentyna neturi knygų (viršelių) nuotraukų."
Žagarinė salonas,8,Zagarine Salonas 8.JPG,8,40,26,10,4,"Lentynos numeris „8“ aiškiai matomas ant lentos krašto — aprašyta eilė tiesiai virš šio užrašo. · Lentynos nuotrauka nukirsta dešinėje: nuo pos 28 (Pasteras) iki pos 34 knygos matomos tik viršelio nuotraukoje 8_1. · pos 3, 5, 19, 31: keturios knygos be įskaitomo teksto (tuščia balta nugarėlė, sena knyga gotikiniu šriftu suplyšusiu aplanku, balta knyga antroje eilėje, nudėvėta ruda nugarėlė). · pos 8 ir 11: serijos „Lituanistinė biblioteka“ knygos — nugarėlėse tik serija ir autorius, pavadinimų nėra. · pos 9 ir 10: du skirtingi to paties A. Sabaliausko veikalo „Mes baltai“ leidimai, o ne vienas komplektas. · pos 13, 14: ar „Marcelinas Ročka“ ir „Mažosios Lietuvos kultūros pėdsakai“ yra atskiros knygos, ar to paties leidinio dalys, iš nuotraukos nėra visiškai aišku. · pos 35–40: šešios knygos iš viršelių nuotraukų (8_3–8_9), kurių lentynos nuotraukoje atpažinti nepavyko; kai kurios gali sutapti su pos 3, 5, 19 ar 31 neįskaitomomis knygomis. · Partijoje nėra failo „Zagarine Salonas 8_2.JPG“ (jo nėra nei batch faile, nei raw kataloge)."
Žagarinė salonas,9,Zagarine Salonas 9.JPG,12,38,21,16,1,"Lentynos numeris „9“ aiškiai užrašytas ant lentos po šia eile – eilė identifikuota patikimai. · Pagrindinėje nuotraukoje dešinysis lentynos galas nukirstas; pozicijos 19–27 perskaitytos iš nuotraukos „Zagarine Salonas 9_1.JPG“, kuri rodo tą pačią lentyną iš dešinės. · pos 6: „Alma“ (Tyto alba) – ant nugarėlės nėra autoriaus, pavadinimas gali būti ilgesnis. · pos 7: Mykolas Römeris – pavadinimo ant nugarėlės nesimato, tik serija „Teisinės minties palikimas“. · pos 12: kreminė knyga be jokio teksto ant nugarėlės. · pos 14: „Molio Motiejaus užrašai“ – pirmasis žodis iš dalies užtemdytas blizgesio. · pos 23: „Tebesitęsianti akistata, arba Atgyja tai, kas ir nebuvo numirę“ – dviejų spalvų nugarėlė, gali būti dvi atskiros knygos, bet tekstas eina viena linija. · Nuotraukos 9_2–9_12 rodo knygas, išimtas ant stalo; lentynos nuotraukoje jų neatpažinau, todėl įrašytos atskirai (source „cover“)."
Žagarinė salonas,10,Zagarine Salonas 10.JPG,16,46,27,18,1,"pos 12: gotišku šriftu užrašyta nugarėlė nuotraukoje neryški — neįskaitoma net padidinus · pos 8, 11, 15: serijos „Lituanistinė biblioteka“ tomai — ant nugarėlių nurodytas tik autorius, pavadinimų nėra · pos 23–32: dešinysis lentynos galas nepatenka į lentynos nuotrauką; perskaityta iš platesnės nuotraukos 10_1 · pos 33–46: viršelių nuotraukose knygos gulinčios ant stalo, lentynos nugarėlėse jų neatpažinau — įrašytos kaip atskiri įrašai (gali būti, kad kai kurios sutampa su pos 8, 11, 12, 15)"
Žagarinė salonas,11,Zagarine Salonas 11.JPG,10,31,18,10,3,"Lentynos numeris „11“ aiškiai matomas ant lentos krašto — aprašyta eilė tiesiai virš šio užrašo. · pos 6–8: trys knygos be matomo teksto (geltonas ir rudas viršutiniai kraštai antroje eilėje, alyvinė nugarėlė be užrašo). · pos 12: tomo numeris („II“ ar „III“) ir paantraštė blizgioje nugarėlėje sunkiai įskaitomi. · pos 19: Vlado Drėmos knygos pavadinimo nugarėlėje nėra. · pos 23–31: devynios knygos iš viršelių nuotraukų (11_2–11_10), kurių lentynos nuotraukoje atpažinti nepavyko; dalis jų gali būti pos 6–8 neįskaitomos knygos antroje eilėje, todėl galimas nedidelis dubliavimas. · pos 30–31 (200 žaidimų, Kuka Muka) temiškai visai nesiderina su Vilniaus istorijos lentyna — gali būti iš gretimos lentynos."
Žagarinė salonas,12,Zagarine Salonas 12.JPG,16,45,24,18,3,"pos 2–3: prie kairės sienelės pasvirusios dvi (galbūt viena) lenkiškos knygos — viena matoma tik viršelio fotografija, kita raudona nugarėle su regionų sąrašu (Karpaty, Wyżyny, Sudety, Niziny, Pobrzeża); pavadinimai neįskaitomi · pos 4–5: dvi Justino Marcinkevičiaus knygos (viena guli gulsčiai ant eilės, kita su tiškalo raštu) — matyti tik autoriaus pavardė, pavadinimai užstoti · pos 17: tarp „Paprastos pilnatvės“ ir Richardo Bacho matyti balta briauna — greičiausiai paties Bacho knygos šonas, bet gali būti ir atskira knyga be užrašo · pos 19–29: pagrindinėje lentynos nuotraukoje eilė nukirsta ties A. Genio „Том 1“; dešinioji dalis perskaityta iš platesnės nuotraukos Zagarine Salonas 12_1.JPG (ji rodo tą pačią eilę virš užrašo „12“) · pos 29: Bernardo Brazdžionio tomo pavadinimo ant nugarėlės nėra · pos 30–45: nuotraukos 12_2–12_16 — knygos, nufotografuotos ant stalo; lentynos eilėje jų atpažinti nepavyko, todėl įrašytos kaip atskiros (source „cover“) · pos 34–37, 40: viršelių nuotraukos neryškios (autorių pavardės ir dalis pavadinimų spėjami)"
Žagarinė salonas,13,Zagarine Salonas 13.JPG,13,35,22,12,1,"Lentynos nuotraukoje „Zagarine Salonas 13.JPG“ dešinysis lentynos galas nepatenka į kadrą; likusi eilė (pos 16–23) perskaityta iš „Zagarine Salonas 13_1.JPG“, kurioje matyti ta pati lentyna su užrašu 13. · pos 14: plona knyga fotografine nugarėle tarp T. Staniulio knygų — įskaitomas tik vardas „ARVYDAS“. · pos 11: autoriaus pavardė (Arnašius / Arvašius) smulki ir neryški. · pos 24: nufotografuotas tik antologijos turinio lapas, paties viršelio ir pavadinimo nėra. · pos 25–34: viršelių nuotraukose nufotografuotos knygos lentynos eilėje neatpažįstamos — greičiausiai išimtos iš lentynos ant stalo. · 13_13: „Mėnulio vaikai“ — pagal savininko nuorodą, nuotrauka neparsisiųsta"
Žagarinė salonas,14,Zagarine Salonas 14.JPG,9,28,13,13,2,"pos 3 ir pos 8: dvi knygos guli už eilės, matomi tik viršelių kraštai — pavadinimų nenuskaityti · pos 5, 9–13: nugarėlėse matomi tik autorių vardai (N. Michailovas, Arvydas Ambrasas ×2, Antanas Venclova, Algimantas Baltakis, Kazys Boruta), pavadinimų ant nugarėlių nėra arba jie nenuskaitomi · pos 4: autoriaus pavardė „Vladas Portapas“ perskaityta neryškiai · pos 18–20: trys knygos stovi atskirai dešiniajame lentynos gale — matomos tik plačiame kadre 14_1, pagrindinėje lentynos nuotraukoje jų nėra · pos 21–28: viršelių nuotraukos 14_2–14_9 darytos ant stalo, ne lentynoje; šių knygų lentynos eilėje atpažinti nepavyko, tačiau jos įrašytos kaip priklausančios 14 lentynai"
Žagarinė salonas,15,Zagarine Salonas 15.JPG,6,27,20,5,2,"Nuotrauka „Zagarine Salonas 15_1.JPG“ yra ne knygos stambus planas, o platesnis tos pačios 15-os lentynos kadras (matosi pieštuku užrašytas „15“); iš jo perskaitytos knygos pos 15–22, kurių pagrindiniame lentynos kadre nesimato. · pos 8: Andrejaus Konstantinovo knygos nugarėlė apačioje suplėšyta, matomas tik žodis „Петербург“. · pos 18: už Montefiore ir Service knygų įstumta rusiška knyga su Stalino nuotrauka; nugarėlės teksto neįmanoma perskaityti. · pos 26: nuotrauka 15_5 per neryški, pavadinimo ir autoriaus nustatyti nepavyko."
Žagarinė salonas,16,Zagarine Salonas 16.JPG,9,32,27,4,1,"pos 5: „Institutional Economics“ — autoriaus pavardės ant nugarėlės nematyti, tik leidykla „California“ · pos 17–24: šios knygos į pagrindinę lentynos nuotrauką nepateko (kadras nukirstas dešinėje) — perskaitytos iš plataus kadro 16_1, kuris rodo tos pačios 16 lentynos tęsinį · pos 20: už eilės stovinti knyga, matomas tik nugarėlės viršus — neįskaitoma · pos 25–32: viršelių nuotraukos 16_2–16_9 darytos ant stalo / rankoje, ne lentynoje; lentynos eilėje šių knygų atpažinti nepavyko, bet jos priskirtos 16 lentynai · pos 1, 9, 22, 23, 24: ant nugarėlių išspausdintos tik autorių pavardės (Jenks, Bowley, Loomis, Noonan, Christ), vardai nenurodyti"
Žagarinė salonas,17,Zagarine Salonas 17.JPG,0,15,12,3,0,"pos 1–3: ant nugarėlių nurodyti tik autoriai (Platonas, Maksvelis, Marcelijus Martinaitis) — pavadinimų nesimato · už pos 13 („Kristaus istorija“) lentynos gilumoje matyti rudas daiktas — greičiausiai dėžutė ar rėmelis, ne knyga; neįrašytas"
Žagarinė salonas,18,Zagarine Salonas 18.JPG,10,43,28,12,3,"Visos 10 viršelių nuotraukų (18_1–18_10) yra senos filosofijos knygos, nufotografuotos ant stalo; jų nugarėlių 18-oje lentynoje (verslo knygų eilė virš užrašo „18“) atpažinti nepavyko, todėl įrašytos atskirai kaip pos 34–43 su source „cover“. · pos 1: kairiausia knyga atsukta galiniu viršeliu, matosi tik „RŪTA G…“ · pos 25: Igno Staskevičiaus knygos pavadinimas rausvoje juostelėje neįskaitomas · pos 27: mėlyna nugarėlė be teksto; pos 31: plona balta nugarėlė, įskaitoma tik pavardė (panašu į „H. KARDEL“)"
Žagarinė salonas,19,Zagarine Salonas 19.JPG,0,16,12,1,3,"lentynos numeris „19“ aiškiai matomas ant lentos krašto po knygomis; aukščiau esanti eilė pažymėta „18“ ir nerašoma · pos 2, 13, 16: knygos, stovinčios už pirmosios eilės — nugarėlių teksto nematyti · dešiniajame lentynos gale knygų nėra: stovi kokoso kevalo dirbinys, dvi medinės kočėlo formos lazdos ir paveikslas rėmelyje · pos 15–16: japoniškų knygų pavadinimai perskaityti tik iš dalies"
Žagarinė salonas,20,Zagarine Salonas 20.JPG,0,15,7,4,4,"Lentynos numeris „20“ aiškiai užrašytas ant lentos po eile; virš jos esanti lenta pažymėta „19“ – eilė identifikuota patikimai. · Šioje lentynoje knygos ne sustatytos nugarėlėmis, o sudėtos į tris gulinčias/pakrypusias krūvas: kairėje aviacijos knygos, viduryje komiksai, dešinėje pakrypusios anglų kalbos knygos. Pozicijos sunumeruotos iš kairės į dešinę, krūvoje – nuo viršaus žemyn. · pos 1: viršutinė kairiosios krūvos knyga be matomo užrašo. · pos 5: už kairiosios krūvos gulintis leidinys – neįskaitomas. · pos 11–12: dvi dešiniosios grupės knygos beveik visiškai užstotos; galimas daiktas, kad tai viena knyga. · pos 10: „Naruto“ pavadinimas atpažintas iš logotipo, ne iš teksto."
Žagarinė salonas,21,Zagarine Salonas 21.JPG,1,17,8,5,4,"Lentynos nuotrauka nefokusuota — dalis nugarėlių (pos 3, 5, 6, 7) neįskaitomos. · pos 3–7: knygos suspaustos ir pakrypusios, tiksli jų tvarka ir ribos tarp gretimų nugarėlių nėra visiškai aiškios; galimas nuokrypis ±1 knyga. · pos 15–16: dešinėje pusėje gulinčių mangos tomų krūva — suskaičiuota 16 tomų (13 „Drakonų kovos“, 3 „Naruto“); tomų numeriai iš nugarėlių neįskaitomi. · pos 17: viršelio nuotraukoje knyga nufotografuota ne lentynoje, tarp nugarėlių jos neatpažinau."
Žagarinė salonas,22,Zagarine Salonas 22.JPG,4,29,26,3,0,"Lentynos numeris „22“ aiškiai užrašytas ant lentos po eile – eilė identifikuota patikimai. · Pagrindinėje nuotraukoje dešinysis lentynos galas nukirstas; pozicijos 18–26 perskaitytos iš „Zagarine Salonas 22_1.JPG“, kurioje matyti ta pati lentyna (su „22“ žyma) iki pat dešiniojo krašto. · pos 2, 8, 15, 24, 25, 26: ant nugarėlių matyti tik autorius (arba tomo numeris), pavadinimo nėra. · pos 3: „Л. Н. Толстой о литературе“ – skydelio tekstas nublukęs. · pos 11: „Мелочи жизни“ – autorius ant nugarėlės neįskaitomas (tikėtina М. Е. Салтыков-Щедрин). · pos 19: storos žalios Гончаров knygos pavadinimą užstoja gretimos knygos. · pos 23: „Братья Карамазовы“ – viršutinė nugarėlės dalis kitokios spalvos, galbūt atskira knyga už jos. · Nuotraukos 22_2–22_4 rodo knygas, laikomas rankoje prie stalo; lentynos nuotraukoje jų neatpažinau, todėl įrašytos atskirai (source „cover“)."
Žagarinė salonas,23,Zagarine Salonas 23.JPG,2,28,21,5,2,"pos 1: kairiajame gale rožinė dėžė / aplankas su baltais lapais — ar tai knyga, neaišku; įrašyta kaip vienas neatpažintas leidinys. · pos 4: raudona knyga tarp Euripido ir Plauto beveik visiškai užstota. · pos 12–15, 22, 23: ant nugarėlių matyti tik autorių vardai (Epiktetas, Еврипид, Lukianas, Ksenofontas, Anatolijus Varšavskis, Платон), pavadinimai neįskaitomi. · pos 27–28: viršelių nuotraukose knygos nufotografuotos ne lentynoje (laikomos rankose), nugarėlėse lentynoje jų neatpažinau. · Visos lentynos knygos pažymėtos mėlynais „HESSE P.L.B.“ lipdukais nugarėlių viršuje."
Žagarinė salonas,24,Zagarine Salonas 24.JPG,1,30,26,2,2,"pos 5: geltona nugarėlė su ranka rašytu rusišku užrašu — neįskaitoma · pos 4, 15, 16, 18, 27: ant nugarėlių tik autoriai arba tomų numeriai, pavadinimų nėra · pos 19–30: dešinysis lentynos galas nepatenka į lentynos nuotrauką; perskaityta iš platesnės nuotraukos 24_1 · pos 25: pakrypusi knyga už „A History of Histories“ — matyti tik ikonų iliustracijos, jokio teksto · pos 26 ir 27: dvi atskiros Gurevičiaus knygos viena šalia kitos; gali būti tas pats veikalas dviem leidimais"
Žagarinė salonas,25,Zagarine Salonas 25.JPG,9,35,22,12,1,"Lentynos numeris „25“ pieštuku užrašytas ant vidurinės lentos krašto; aprašyta eilė, stovinti TIESIAI VIRŠ šio užrašo (viršutinė eilė nuotraukoje). Žemiau esanti eilė (Isabel Allende, Agatha Christie, Educated ir kt.) priklauso 26-ai lentynai ir čia neįrašyta. · Pagrindinė nuotrauka „Zagarine Salonas 25.JPG“ apima tik kairę ir vidurinę lentynos dalį — dešinysis galas nukirstas kadro krašte. Dešinioji dalis (pos 17–25) perskaityta iš „Zagarine Salonas 25_1.JPG“, kuri iš tikrųjų yra antra tos pačios lentynos nuotrauka, o ne knygos viršelis. · pos 3: didelis tamsiai mėlynas tomas pasviręs atgal, matoma tik įspaudo pradžia „BIBLIJOS“ — pavadinimas nepilnas. · pos 14: sena drobinė nugarėlė su nutrintu įspaudu; pavadinimas „Ogiustas Rodenas“ perskaitytas patikimai, autorius „D. Veisas“ — tik tikėtinas. · pos 24–25: du to paties leidinio egzemplioriai kraštinėje dešinėje; pavadinimo pradžia nukirsta kadro krašte, todėl žinomas tik nuo „…kvantinė fizika, organizacijos struktūra ir vadovavimo stilius“. · pos 26–27: už priekinės eilės, tarp Судзуки ir Выготский, pasvirę dar dvi knygos; įskaitoma tik pavardė „Л. С. Выготский“. · Ties pos 4 (Десять заповедей) gilumoje matyti rudas kailio/odos pavidalo daiktas — neaišku, ar knyga; į sąrašą neįtrauktas. · pos 28–35: aštuoni atskirai nufotografuoti leidiniai; nė vieno nepavyko sutapatinti su konkrečia nugarėle lentynoje (tai plonos brošiūros ir minkšti viršeliai, matyt, stovintys antroje eilėje arba tarpuose), todėl jų pozicijos numeriai yra sąlyginiai."
Žagarinė salonas,26,Zagarine Salonas 26.JPG,7,35,27,6,2,"pos 4: ketvirta Isabel Allende knyga atlošta atgal — nugarėlės nesimato nė vienoje nuotraukoje · pos 17: plonas šviesus leidinys už „Educated“ — matomas tik nugarėlės kraštelis · pos 23: С. Л. Рубинштейн — ant nugarėlės tik autorius ir tomo numeris II · pos 24: knyga tarp Рубинштейн ir Piaget atsukta lapais į priekį, tekstas lietuviškas, pavadinimo nematyti · pos 33: Былины — pavadinimas ne nuo viršelio, o iš atversto antraštinio lapo serijos ir pirmosios bylinos · nuotraukoje 26_5 po ranka matosi dar vienas vokiškas kišeninis leidinys (nugarinis viršelis su nespalvota aulinio bato nuotrauka, užrašai „...enbuch“, „...rlag“) — jis neturi atskiros viršelio nuotraukos ir gali būti jau suskaičiuotų Anna Freud arba Konrad Lorenz knygų nugarinis viršelis, todėl į sąrašą neįtrauktas · lentynos nuotraukoje 26_1 matoma dešinioji lentynos dalis (nuo Stefan Zweig iki Лейбин), kurios pagrindinėje nuotraukoje „Zagarine Salonas 26.JPG“ nesimato"
Žagarinė salonas,27,Zagarine Salonas 27.JPG,27,53,14,33,6,"Lentynos numeris „27“ aiškiai užrašytas pieštuku ant lentos krašto; skaitytos tik virš jo stovinčios knygos · Lentyna nusidriekia toliau į dešinę, nei matyti pagrindinėje nuotraukoje — dešinė dalis (pos 13–31) skaityta iš nuotraukos „Zagarine Salonas 27_1.JPG“, kurioje taip pat matyti užrašas „27“ · pos 1: raudono folianto pavadinimo nesimato — tik parapijų sąrašas nugarėlėje ir įspaudai „DEANERY“, „DAIL...“ ant viršelio · pos 12, 15, 16, 27, 28: knygos be įskaitomo teksto (antroje eilėje, pakrypusios arba tuščiomis nugarėlėmis) · pos 29–31: trys juodos Vytauto Tarasonio knygos; skaitmenys ant nugarėlių smulkūs — patikimai perskaityti tik II ir I, III paimtas iš viršelio nuotraukos 27_7 · Už pos 26–28 antroje eilėje guli plokščias aplankų, brošiūrų ir sąsiuvinių pluoštas (bent 6–8 vienetai) — būtent iš jo paimtos viršelių nuotraukos 27_2–27_28; atskirų nugarėlių ten suskaičiuoti neįmanoma, todėl pos 32–53 įrašyti pagal viršelių nuotraukas · Dubliuotos viršelių nuotraukos: 27_8 ir 27_20 (Motiejus Čepas), 27_22 ir 27_25 (Fizikos laboratoriniai darbai), 27_2 ir 27_3 (Lietuvos tremtiniai Tadžikijoje) — kiekviena pora įrašyta kaip VIENA knyga, nors gali būti po du egzempliorius · Partijos sąraše nėra nuotraukos 27_27 (praleistas numeris)"
Žagarinė salonas,28,Zagarine Salonas 28.JPG,7,30,21,8,1,"Lentynos numeris 28 aiškiai užrašytas pieštuku ant lentos krašto — skaityta vidurinė eilė. · pos 4: Ралф Эмерсон / Генри Торо — ant nugarėlės tik autoriai, pavadinimo nėra. · pos 13: Макс Фриш („XX век. Зарубежная классика“) — pavadinimas ant nugarėlės neužrašytas. · pos 20: geltona G. E. Lessing knyga — matyti tik autorius. · pos 24: didelė tamsiai ruda knyga lentynos gale, nugarėlė be teksto. · pos 26–30: viršelių nuotraukos 28_2–28_7 darytos rankoje prieš kitą lentyną; šių knygų lentynos nuotraukoje sutapatinti nepavyko. · Dešinioji lentynos dalis (pos 18–25) matoma tik nuotraukoje 28_1."
Žagarinė salonas,29,Zagarine Salonas 29.JPG,6,30,16,13,1,"pos 2, 8, 14: ant nugarėlių matosi tik autorių vardai (Брэдбери, Херберт, Džekas Londonas), pavadinimų nėra · pos 7: trys Германа Мелвилла tomai be matomo pavadinimo — įrašyti kaip vienas komplektas · pos 19: SCHOPENHAUER — neaišku, kokia kalba (lotyniškos raidės, be kitų užrašų) · pos 25: horizontaliai gulinti knyga po Oscar Wilde tomu — nugarėlė nematoma · pos 26–30: viršelių nuotraukos 29_2–29_6 rodo knygas, kurių lentynos nuotraukoje neįmanoma sutapatinti su nugarėlėmis · dešinysis lentynos galas pagrindinėje nuotraukoje nukirstas — pos 18–24 perskaityti iš nuotraukos 29_1"
Žagarinė salonas,30,Zagarine Salonas 30.JPG,1,31,25,4,2,pos 4: Antuano de Sent Egziuperi knygos pavadinimas nematomas (nugarėlė nudėvėta) · pos 13 ir 16: dvi knygos (vokiška Europäische Verlagsanstalt ir prancūziška Livre de Poche 15264) — nugarėlėse pavadinimų neįmanoma perskaityti · pagrindinėje nuotraukoje dešinioji lentynos dalis nukirsta; pos 20–31 perskaityti iš nuotraukos 30_1
Žagarinė salonas,31,Zagarine Salonas 31.JPG,6,38,23,9,6,"pos 5: pilkai melsva knyga be jokio užrašo ant nugarėlės · pos 6, 7, 16, 30, 32: antroje eilėje stovinčios knygos, matosi tik viršutiniai kraštai ar viršelių fragmentai · pos 3, 17: matomi tik autorių vardai (Džordžas Mereditas, А. Стриндберг), pavadinimų nėra · pos 9: Омар Хайям — pavadinimas dailyraščiu, perskaityta kaip „Стихи любимой“ · pos 21: kreminė tuščia nugarėlė lentynoje sutapatinta su Maupassant „Mont-Oriol“ iš nuotraukos 31_4 — sutapatinimas spėjamas · pos 31: Stendhal tomo pavadinimą užstoja pasvirusi gretima knyga · dešinysis lentynos galas (pos 26–34) matomas tik nuotraukoje 31_1 — pagrindinėje nuotraukoje nukirstas"
Žagarinė salonas,32,Zagarine Salonas 32.JPG,7,31,16,15,0,"pos 3: mėlyna Remarko nugarėlė — matyti tik autorius, pavadinimo nėra matomoje dalyje · pos 26–31: nuotraukos 32_2–32_7 rodo knygas, padėtas ant stalo, o ne lentynoje; su nugarėlėmis nesutapatintos · lentynos numeris 32 užrašytas ant apatinės lentos krašto; aprašyta eilė virš šio užrašo (pagrindinėje nuotraukoje dešinioji dalis nukirsta, ji matoma nuotraukoje 32_1)"
Žagarinė salonas,33,Zagarine Salonas 33.JPG,5,37,21,14,2,"pos 2–12: geltonos Reclam knygelės stovi pakrypusios — pavadinimai ir numeriai suporuoti pagal eilės tvarką, kai kurių autorių nugarėlėse nesimato · pos 15: marixverlag leidinys be matomo pavadinimo · pos 18: plonas baltas objektas tarp Werther ir Mörike — gali būti knygelė arba skirtukas · pos 35–37: viršelių nuotraukose nufotografuotos knygelės, lentynoje neatpažintos"
Žagarinė salonas,34,Zagarine Salonas 34.JPG,9,34,18,13,3,"pos 16, 22, 23: nugarėlės be įskaitomo teksto (nutrupėjusi etiketė, tuščia balta nugarėlė, nublukusi gelsva nugarėlė) · pos 27–34: viršelių nuotraukose nufotografuotos knygos, kurių lentynos nuotraukose atpažinti nepavyko — gali sutapti su pos 16, 22 arba 23 · pos 4: matosi tik „Goethe · F…“ — tikėtina Faust II, bet nepatvirtinta"
Žagarinė salonas,35,Zagarine Salonas 35.JPG,6,42,25,9,8,"lentynos numeris 35 pieštuku užrašytas ant lentos krašto po šia eile — transkribuota eilė virš užrašo · pos 3, 14, 21, 27: knygos įstumtos gilumoje arba be teksto nugarėlėse · pos 15–16: „Pasaulio valdovų rūmai“ ir „Šventyklos ir vienuolynai“ — tos pačios serijos (projekto vadovas Marcello Morelli), leidyklos žymos (Akteja / Alma littera) dėl knygų pasvirimo nevienareikšmiškai priskiriamos · pos 25–36: dešinysis lentynos galas labai tankus, knygos pasvirusios ir dalis nukirsta kadro krašte — tikslus eiliškumas apytikslis · pos 32–33: pavadinimai neperskaitomi, užrašyti tik matomi fragmentai · lentynos dešinė pusė tęsiasi už kadro ribų — gali būti dar knygų, kurių nuotraukoje nesimato · pos 37–42: plonos viršelių nuotraukose užfiksuotos brošiūros ir albumai; kai kurie jų gali sutapti su neatpažintomis plonomis nugarėlėmis (pos 3, 14, 21, 27), tačiau sutapatinti nepavyko"
Žagarinė salonas,36,Zagarine Salonas 36.JPG,10,32,16,15,1,"pos 1–12: kairiajame lentynos gale suglaustas ~11–12 plonų leidinių pluoštas; atskiros nugarėlės neįskaitomos, todėl knygos atpažintos tik iš viršelių nuotraukų, o jų tiksli eilės tvarka lentynoje nenustatyta · pos 4: viršelio nuotrauka „Zagarine Salonas 36_4.JPG“ partijoje nepateikta, todėl vienas plonas leidinys liko neidentifikuotas · pos 13: „Radiniai, sidabro dulkės ir liūto gėlės“ — rašytinis šriftas ant nugarėlės, transkripcija nepatikima · pos 16: armėniškas albumas — perskaityta tik autoriaus pavardė (Գ. Խանջյան), pavadinimo ant nugarėlės nėra · pos 32: dešinysis lentynos kraštas nukirstas kadro; gali būti dar 1–2 knygos už nuotraukos ribų"
Žagarinė salonas,37,Zagarine Salonas 37.JPG,0,34,22,9,3,"pos 6, 13, 17: nugarėlės be įskaitomo teksto · pos 9 ir 10: neaišku, ar tai dvi atskiros knygos, ar vienos knygos pavadinimas su paantrašte · pos 8 ir 20: matosi tik autorių pavardės · pos 23: pavadinimas paimtas iš ranka užrašytos etiketės, ne iš spausdinto teksto"
Žagarinė salonas,38,Zagarine Salonas 38.JPG,5,35,20,7,8,"pos 10–14: penkios plonos knygos kairiajame pluošte suglaustos taip, kad nugarėlių perskaityti neįmanoma; identifikuotos tik iš viršelių nuotraukų (38_1–38_5), o jų tarpusavio eilės tvarka lentynoje nenustatyta · pos 1, 2, 7, 8: knygos be jokio teksto ant nugarėlės (oranžinis aplankas, bordinis tomas, tamsiai žalias įrišimas, baltas spiralinis segtuvas) · pos 32–35: prie galinės sienelės antroje eilėje stovinčios / pasvirusios didelio formato knygos — matomi tik viršutiniai kraštai, pavadinimų perskaityti neįmanoma"
Žagarinė salonas,39,Zagarine Salonas 39.JPG,1,54,17,27,10,"kairysis lentynos galas nukirstas nuotraukos krašte — pos 1–2 matomi tik iš dalies · pos 10, 22, 27, 29: ant nugarėlių matomi tik autorių vardai (Gerimantas Statinis, Maria Sciortino, Lionginas Šepetys, Justas Vincas Paleckis) · pos 12, 20, 25, 32, 34, 39, 44, 49, 51: nugarėlės be įskaitomo teksto arba stovinčios antroje eilėje · pos 21–26: Florencijos leidinių grupė — nugarėlės pasvirusios, užrašai persidengia, sutapatinimas dalinai spėjamas · pos 31 ir 33: dvi raudonos knygos apie Luaros pilis; pavadinimų pradžios/pabaigos neįskaitomos · pos 37: „NESTORAS MAISTAS“ — neaišku, kur autorius, kur pavadinimas · pos 40, 52: knygos lentynoje pastatytos apverstos · pos 42: „Kalnai lieka“ autoriaus pavardė rašyta dailyraščiu, neperskaitoma"
Žagarinė salonas,40,Zagarine Salonas 40.JPG,21,49,9,35,5,"pos 3 ir 4: plona suplyšusi knyga tarp „Lietuvos tapybos“ ir Čiurlionio bei už jos stovinti pilkšva knyga su raidėmis „LIE…“ — neįskaitoma, gali būti ir viena knyga · pos 12: plonas baltas leidinys su juodu raštu nugarėlėje — teksto nematyti · pos 18: Marijos Matušakaitės knygos pavadinimas auksiniame rėmelyje įskaitomas tik iš dalies („…PORTRETAS … LIETUVOJE“) · pos 20 ir 21: užpakalinėje eilėje už „Lietuvos istorijos paminklų“ — tamsi knyga ir plonas raudonas leidinys su hieroglifais, pavadinimų nematyti · pos 25: knyga stovi aukštyn kojomis, pavadinimas nuskaitytas apvertus vaizdą · pos 29–49: nė viena viršelių nuotraukose (_1…_23) nufotografuota knyga neatpažįstama tarp šios lentynos nugarėlių — greičiausiai jos paimtos iš kitos (žemesnės) lentynos, bet įrašytos pagal instrukciją"
Žagarinė salonas,43,Zagarine Salonas 43.JPG,0,38,17,12,9,"lentynos numeris „43“ pieštuku užrašytas lentos krašto viduryje; šalia dar pieštuku pažymėta „⌐ P. L. BIBLIOTEKA“ ir „⌐ P. L. B.“ — tai lentynos turinio žymos, ne numeriai · pos 1: kairysis lentynos galas nukirstas kadro krašte — kairėje gali būti dar knygų, kurių nuotraukoje nesimato · pos 13–14: „Česlovas Kudaba“ ir žydras spiralinis leidinys — ar tai dvi atskiros knygos, ar viena, patikimai nustatyti nepavyko dėl stipraus knygų pasvirimo · pos 31–35: dešiniajame gale suglaustos plonos brošiūros ir žemėlapiai be įskaitomų nugarėlių; jų skaičius (5) apytikslis · pos 36–38: galinėje eilėje stovintys leidiniai, kurių nugarėlių iš viso nesimato · pos 6: nugarėlėje kartu matomi ir „Alma littera“ (viršuje), ir „Reader's Digest“ (apačioje) ženklai"
Žagarinė salonas,44,Zagarine Salonas 44.JPG,0,28,15,11,2,"Lentynos numeris 44 užrašytas pieštuku ant lentos krašto (šalia įrašų „↑ H. HESSE ↑ P.L.B. ↑“) — skaityta virš jo stovinti sodininkystės knygų eilė. · pos 2 ir pos 28: knygos be matomo nugarėlės teksto. · pos 12: tamsiai žalia knyga — matyti tik „SODO AUGALŲ“, pavadinimo pabaiga užstota kaimyninės knygos. · pos 8: autorių pavardės labai smulkios, transkripcija apytikslė. · Lentynos gale stovi žiūronai ant stovo — ne knyga, neįrašyta."
Žagarinė salonas,45,Zagarine Salonas 45.JPG,0,36,25,5,6,"lentyna labai tanki; pos 1, 3, 7, 31, 34, 36 nugarėlių teksto perskaityti neįmanoma · pos 14: rašytinis pavadinimas „prie stalo su Abraomu“ — paskutinis žodis neaiškus · pos 23: nugarėlėje keturios autorių pavardės, įrašyta tik pirmoji, kitos smulkios ir neryškios · lentynos priekyje stovi dekoratyvinė atvirukų dėžutė („DIN DAG“, mėlynos gėlės) — ne knyga, neįrašyta · lentynos krašte pieštuku užrašyta „44 ↑ H. Hesse ↑ P.L.B. ↑“ — tai viršutinės lentynos (44) žyma"
Žagarinė salonas,46,Zagarine Salonas 46.JPG,1,41,22,10,9,"Lentyna 46 yra gili spinta su vidinėmis pertvaromis: kairysis skyrius (pos 1–15), vidurinis (pos 16–18), dešiniojo skyriaus viršutinė lentynėlė (pos 19–33) ir apatinė (pos 34–40). Knygos sukrautos viena ant kitos ir pakrypusios, todėl kai kurios nugarėlės visiškai nematomos. · pos 3, 5, 6, 7: baltos brošiūros ir segtuvai be teksto — gali būti ir ne knygos · pos 18, 21, 24, 25, 26: nugarėlės be įskaitomo teksto · pos 22, 27, 29: matosi tik autoriaus pavardė · Tarp knygų yra ne knygų: juoda dėžutė, sudedama medinė liniuotė, rėmeliai, akiniai — jie neįrašyti · Dešiniojo skyriaus krūvose po viršutinėmis knygomis tikėtina dar kelios visiškai uždengtos knygos"