Patalpa,Lentyna,Pozicija,Pastaba
Žagarinė miegamasis,3,1,"neįskaitoma: spalvota (mėlyna–oranžinė) knyga, pastatyta už dviejų medinių nuotraukų rėmelių; nei nugarėlės, nei pavadinimo nesimato"
Žagarinė miegamasis,5,1,"neįskaitoma: krūvos apačia: juodas odinis albumas (nuotraukų albumas ar aplankas), teksto nematyti"
Žagarinė miegamasis,5,2,"neįskaitoma: rusvai violetinis odinis aplankas krūvos kairėje, kyšo iš po juodo albumo; teksto nematyti"
Žagarinė miegamasis,5,3,"neįskaitoma: tamsiai rudas didelio formato leidinys su nuotrauka viršelyje; guli plokščiai, matyti tik lapų briauna"
Žagarinė miegamasis,5,4,neįskaitoma: storas kreminis (baltas) didelio formato leidinys; teksto nematyti
Žagarinė miegamasis,5,5,neįskaitoma: pilkas (tamsus) albumo tipo leidinys su šviesiu užrašu viršelio krašte; tekstas per neryškus perskaityti
Žagarinė miegamasis,5,6,neįskaitoma: krūvos viršuje: raudonas kietais viršeliais didelio formato leidinys su paveikslu; nugarėlė nematoma
Žagarinė miegamasis,7,1,"neįskaitoma: tamsus didelio formato leidinys su fotografijos viršeliu, pasviręs prie juodo dokumentų dėklo; nugarėlės nematyti"
Žagarinė miegamasis,7,5,neįskaitoma: plona balta nugarėlė su mėlynu skaičiumi „12“ ir mėlynu pavadinimu; tekstas per smulkus perskaityti
Žagarinė miegamasis,7,7,neįskaitoma: tamsiai mėlyna nugarėlė be įskaitomo teksto
Žagarinė miegamasis,7,8,neįskaitoma: tamsiai ruda knyga su piešta žaluma ir parašu ant nugarėlės; teksto neįmanoma perskaityti
Žagarinė miegamasis,7,11,"neįskaitoma: plonas baltas didelio formato leidinys, pastatytas įstrižai; nugarėlės tekstas per smulkus"
Žagarinė miegamasis,7,19,neįskaitoma: alyvuogių spalvos nugarėlė; įskaitoma tik pavadinimo pabaiga „…acy“
Žagarinė miegamasis,7,20,neįskaitoma: blyškiai kreminė nugarėlė be įskaitomo teksto
Žagarinė miegamasis,7,23,neįskaitoma: tamsiai raudona nugarėlė su balta bibliotekine etikete apačioje; tekstas neįskaitomas
Žagarinė miegamasis,8,4,"neįskaitoma: tamsiai mėlyna nugarėlė, matosi tik „OXFORD“; knyga uždengta"
Žagarinė miegamasis,8,6,"neįskaitoma: šviesiai mėlyna knyga plėvelėje, teksto neįskaitoma"
Žagarinė miegamasis,8,7,"neįskaitoma: geltona nugarėlė, matosi tik leidykla „baltos lankos“"
Žagarinė miegamasis,8,8,"neįskaitoma: šviesiai žalia nugarėlė, pavadinimas uždengtas"
Žagarinė miegamasis,8,12,"neįskaitoma: raudona ir balta nugarėlė; matosi leidyklos ženklas „LEKTŪRA“ ir žodis „Press“, pavadinimas neaiškus"
Žagarinė miegamasis,8,15,"neįskaitoma: tamsiai mėlyna nugarėlė, matosi „… e le due lune“ (italų k.)"
Žagarinė miegamasis,9,2,"neįskaitoma: juoda knyga tarp Pullmano ir japoniškos knygos; nugarėlė uždengta, teksto nesimato"
Žagarinė priepirtis,1,2,"neįskaitoma: tamsi nugarėlė su auksiniais ir žalsvais ornamentais, beveik visiškai užstota pos 1 knygos"
Žagarinė priepirtis,1,10,"neįskaitoma: juoda knyga, įstumta giliau tarp pos 9 ir pos 11; nugarėlė be matomo teksto"
Žagarinė priepirtis,2,11,"neįskaitoma: tamsiai violetinė knyga, atsukta nugara į priekį — matyti tik anotacija geltonu šriftu, pavadinimo nematyti"
Žagarinė priepirtis,5,12,"neįskaitoma: plona žalia nugarėlė, matosi tik „OXFORD“ ir numeris 6 (tikėtina Oxford Bookworms)"
Žagarinė priepirtis,6,1,"neįskaitoma: didelio formato tamsiai mėlynas leidinys (albumas arba aplankas) kairiajame lentynos gale; ant viršelio įžvelgiami tik atskiri simboliai, teksto perskaityti neįmanoma"
Žagarinė priepirtis,6,2,"neįskaitoma: apie 6 žurnalai kairėje: geltonos, baltos, tamsios ir mėlynos nugarėlės; nuotrauka neryški, užrašai neįskaitomi"
Žagarinė priepirtis,6,5,neįskaitoma: juoda knyga su nakties miesto nuotrauka ir balta juosta apačioje; matoma tik pavadinimo pabaiga „…OPAS“
Žagarinė priepirtis,6,6,neįskaitoma: apie 5 tamsios ir oranžinės nugarėlės tarp National Geographic numerių; užrašai neįskaitomi
Žagarinė priepirtis,7,11,"neįskaitoma: raudonas spiraliniu rišimu įrištas didelio formato leidinys (sąsiuvinis ar albumas), pasviręs prie dešinės sienelės; užrašas neįskaitomas"
Žagarinė priepirtis,8,1,neįskaitoma: plona raudona nugarėlė su balta apskrita emblema apačioje; tekstas neįskaitomas (nuotrauka neryški)
Žagarinė priepirtis,8,2,neįskaitoma: plona šviesiai mėlyna nugarėlė; tekstas neįskaitomas
Žagarinė priepirtis,8,3,neįskaitoma: žema oranžinė-geltona knyga priekinėje eilėje; tekstas neįskaitomas
Žagarinė priepirtis,8,4,neįskaitoma: antra žema oranžinė-geltona knyga šalia; tekstas neįskaitomas
Žagarinė priepirtis,8,5,neįskaitoma: tamsi (juoda–žalsva) nugarėlė su gelsva apskrita emblema viršuje; tekstas neįskaitomas
Žagarinė priepirtis,8,6,neįskaitoma: tamsiai mėlyna nugarėlė su balta juosta per vidurį; tekstas neįskaitomas
Žagarinė priepirtis,8,7,neįskaitoma: plona kreminė nugarėlė su tamsiu tekstu; neįskaitoma
Žagarinė priepirtis,8,8,neįskaitoma: aukšta šviesiai žalia nugarėlė su spalvotu apskritimu viršuje; tekstas neįskaitomas
Žagarinė priepirtis,8,9,neįskaitoma: kreminė nugarėlė su apskrita emblema viršuje; tekstas neįskaitomas
Žagarinė priepirtis,8,10,neįskaitoma: mėlyna nugarėlė su džinsinio audinio raštu; tekstas neįskaitomas
Žagarinė priepirtis,8,11,neįskaitoma: tamsi nugarėlė su raudonu akcentu; tekstas neįskaitomas
Žagarinė priepirtis,8,14,neįskaitoma: tamsiai raudona knyga gilumoje už priekinės eilės; matosi tik kraštas
Žagarinė priepirtis,11,2,neįskaitoma: šviesi knyga su oranžine/rusva juosta ir baltu tekstu — neįskaitoma (nuotrauka neryški)
Žagarinė priepirtis,11,4,neįskaitoma: tamsiai mėlyna nugarėlė su raudonu piešiniu — teksto neįskaitoma
Žagarinė priepirtis,11,5,"neįskaitoma: pilkai balta plona knygelė, be įskaitomo teksto"
Žagarinė priepirtis,11,6,"neįskaitoma: žalsva plona knyga/žurnalas, pakrypusi, teksto neįskaitoma"
Žagarinė priepirtis,11,7,"neįskaitoma: žalsva plona knyga/žurnalas, pakrypusi, teksto neįskaitoma"
Žagarinė priepirtis,11,8,"neįskaitoma: žalsva plona knyga/žurnalas, pakrypusi, teksto neįskaitoma"
Žagarinė priepirtis,11,9,"neįskaitoma: tamsiai žalia plona knyga/žurnalas, teksto neįskaitoma"
Žagarinė priepirtis,11,10,"neįskaitoma: tamsi plona knyga/žurnalas, teksto neįskaitoma"
Žagarinė priepirtis,11,11,"neįskaitoma: tamsi plona knyga/žurnalas, teksto neįskaitoma"
Žagarinė priepirtis,11,13,"neįskaitoma: plona juoda nugarėlė su taškų eile, be įskaitomo teksto"
Žagarinė priepirtis,11,14,"neįskaitoma: plona balta knygelė, be įskaitomo teksto"
Žagarinė priepirtis,11,15,"neįskaitoma: antra plona balta knygelė, be įskaitomo teksto"
Žagarinė priepirtis,13,10,"neįskaitoma: plona iliustruota knyga, įstumta už kitų; matyti tik dalis galinio viršelio su gamtos nuotraukomis, pavadinimo neįskaityti"
Žagarinė priepirtis,14,2,"neįskaitoma: didelio formato leidinys, gulintis ant „Fleitos pradžiamokslio“; matyti tik žalsvai mėlyna iliustracija, teksto nėra"
Žagarinė priepirtis,14,3,"neįskaitoma: kreminė (gelsva) knyga su pieštu viršeliu, guli viršuje; pavadinimo nematyti"
Žagarinė priepirtis,14,4,"neįskaitoma: didelio formato spalvota (žalia–geltona–raudona) knyga, atsukta galiniu viršeliu; matyti tik brūkšninis kodas"
Žagarinė priepirtis,16,1,"neįskaitoma: smėlio spalvos suplyšusi knyga kairiajame krašte, pasvirusi prie spintos šono; nugarėlė be matomo teksto"
Žagarinė priepirtis,16,9,neįskaitoma: lygi smėlinė nugarėlė be teksto
Žagarinė priepirtis,16,13,"neįskaitoma: spalvotai iliustruota knyga, pasvirusi tarp kitų; ant nugarėlės teksto nėra"
Žagarinė priepirtis,16,20,"neįskaitoma: labai susidėvėjusi rusva drobinė knyga, nugarėlė be teksto"
Žagarinė priepirtis,17,2,"neįskaitoma: plona pilkšvai balta knygelė, pakrypusi į priekį, teksto nematyti"
Žagarinė priepirtis,17,3,"neįskaitoma: užpakalinė eilė: kreminis viršelis su juodu grafišku piešiniu (šakos), teksto nematyti"
Žagarinė priepirtis,17,8,"neįskaitoma: pilkšvai žalsva nugarėlė su labai smulkiu tekstu viršuje, neįskaitoma"
Žagarinė priepirtis,17,11,"neįskaitoma: užpakalinė eilė: žalia kietais viršeliais knyga, teksto nematyti"
Žagarinė priepirtis,17,18,"neįskaitoma: labai plona, suplyšusi šviesi knygelė su mėlynu ženklu viršuje, teksto neįskaityti"
Žagarinė priepirtis,17,24,"neįskaitoma: juoda nugarėlė su įspaustomis raidėmis, įskaitoma tik apytikriai „DEIVĖ LAIMĖS LEM…“"
Žagarinė priepirtis,17,25,neįskaitoma: žalias drobinis viršelis be matomo teksto nugarėlėje
Žagarinė priepirtis,18,1,neįskaitoma: mėlyna nugarėlė su užrašu „Walt Disney“; pavadinimo ant nugarėlės nėra
Žagarinė priepirtis,18,5,neįskaitoma: raudona knyga su rašytiniu užrašu ant viršelio; nugarėlė uždengta priekinėmis knygomis
Žagarinė priepirtis,18,6,neįskaitoma: gelsvai ruda iliustruota vaikiška knyga; nugarėlės teksto nematyti
Žagarinė priepirtis,18,17,neįskaitoma: plonas pilkas leidinys / sąsiuvinis be užrašų
Žagarinė priepirtis,18,18,neįskaitoma: plonas pilkas leidinys / sąsiuvinis be užrašų
Žagarinė priepirtis,18,19,neįskaitoma: plonas pilkas leidinys / sąsiuvinis be užrašų
Žagarinė priepirtis,18,24,neįskaitoma: plona geltona nugarėlė be teksto
Žagarinė priepirtis,18,25,neįskaitoma: plona tamsiai pilka nugarėlė be teksto
Žagarinė salonas,2,10,"neįskaitoma: už juodosios knygos pasvirusi kreminė / balta knyga, nugarėlė nematoma"
Žagarinė salonas,7,3,neįskaitoma: už Maldonio ir „Malarstwo polskie“ įstumta knyga tamsiai rudu viršeliu; matosi tik viršutinis kraštas
Žagarinė salonas,7,5,neįskaitoma: už kitų knygų įstumta knyga spalvotu (tapybos reprodukcijos) viršeliu; nugarėlės nesimato
Žagarinė salonas,8,3,neįskaitoma: siaura balta nugarėlė be jokio teksto
Žagarinė salonas,8,5,"neįskaitoma: sena knyga suplėšytu popieriniu aplanku, gotikinis šriftas; įskaitomi tik fragmentai „v. Pe…“, „Lietu…“"
Žagarinė salonas,8,19,neįskaitoma: didesnė balta knyga antroje eilėje už „Paganinio“ — matosi tik viršutinis kraštas
Žagarinė salonas,8,31,neįskaitoma: sena nudėvėta knyga rusva suplyšusia nugarėle be teksto
Žagarinė salonas,9,12,neįskaitoma: pakrypusi kreminė (gelsva) knyga be jokio teksto ant nugarėlės
Žagarinė salonas,10,12,"neįskaitoma: šviesiai rusva popierinė nugarėlė, gotiškas baltas šriftas, nuotraukoje neryški; viršuje autoriaus inicialas su pavarde, žemiau trys eilutės ir metai — neįskaitoma"
Žagarinė salonas,11,6,"neįskaitoma: antroje eilėje už priekinių knygų; matosi tik geltonas viršutinis kraštas, nugarėlės nesimato"
Žagarinė salonas,11,7,"neįskaitoma: antroje eilėje; matosi tik rudas viršutinis kraštas, nugarėlės nesimato"
Žagarinė salonas,11,8,neįskaitoma: šviesiai violetinė (alyvinė) nugarėlė be matomo teksto
Žagarinė salonas,12,2,"neįskaitoma: už „Polska“ pasviręs tomas, matyti tik viršelio fotografija (jūra / sniegas, mėlynas dangus); teksto nesimato"
Žagarinė salonas,12,3,"neįskaitoma: raudona nugarėlė su smulkiu sąrašu „Karpaty, Wyżyny, Sudety, Niziny, Niziny, Pobrzeża“ ir didele auksine raide; pavadinimas užstotas. Gali būti ta pati knyga kaip pos 2"
Žagarinė salonas,12,31,"neįskaitoma: ant „Кто вы, юкагиры?“ uždėta kita knyga: baltas viršelis su geltonu uolų piešinių (petroglifų) langeliu ir juostele „Издательство Наука“; pavadinimas neįskaitomas"
Žagarinė salonas,13,24,"neįskaitoma: nufotografuotas tik turinio lapas — poezijos antologija, 14 autorių: Vaida Blažytė, Marius Burokas, Jurgita Butkytė, Tomas S. Butkus, Laura Sintija Černiauskaitė, Viktorija Ivanova, Giedrė Kazlauskaitė, Gabrielė Klimaitė, Rimantas Kmita, Donatas Petrošius, Aistė Ptakauskaitė, Tomas Staniulis, Indrė Valantinaitė, Agnė Žagrakalytė; pavadinimo nematyti"
Žagarinė salonas,14,3,"neįskaitoma: knyga guli už kitų, priekiu į kadrą; matoma tik tamsiai žalsva viršelio dalis su geltona juosta („Nauji 10…“) ir didelėmis tamsiomis raidėmis „DD…“ — tikėtina dar vienas „Protų dvikovos“ tomas"
Žagarinė salonas,14,8,"neįskaitoma: knyga įstrižai už kitų; matomas tik aplanko kraštas — oranžinis apačioje, iliustracija su rudais medžiais geltonai žaliame fone; nugarėlės teksto nesimato"
Žagarinė salonas,15,18,neįskaitoma: į gilumą įstumta knyga; ant viršelio Stalino nuotrauka ir tekstas „…вики … бы взя…“; nugarėlė neįskaitoma
Žagarinė salonas,15,26,"neįskaitoma: neryški antraštinio lapo nuotrauka; įskaitoma tik „…Россия — М.: ОЛМА-ПРЕСС, 2007. — 382 с.“"
Žagarinė salonas,16,20,"neįskaitoma: knyga stovi už eilės; matomas tik apiplyšęs alyvinės–rusvos spalvos nugarėlės viršus, teksto neįskaityti"
Žagarinė salonas,18,1,"neįskaitoma: kairiausia knyga atsukta galiniu viršeliu; matosi „RŪTA G…“ ir maža nuotrauka, pavadinimas neįskaitomas"
Žagarinė salonas,18,27,neįskaitoma: plona mėlyna nugarėlė be matomo teksto
Žagarinė salonas,18,31,"neįskaitoma: plona balta nugarėlė su raudonomis raidėmis, panašu į „H. KARDEL“; pavadinimo nematyti"
Žagarinė salonas,19,2,"neįskaitoma: juoda knyga, įstumta giliau už Guderiano tomo; ant nugarėlės teksto nematyti"
Žagarinė salonas,19,13,neįskaitoma: už Descartes'o pasvirusi šviesi knyga su akies atvaizdu viršelyje ir raudona skirtuko juostele; nugarėlės nematyti
Žagarinė salonas,19,16,"neįskaitoma: antra japoniška knyga už pos 15, gulinti / pasvirusi; matomi tik raudoni hieroglifai „...神話“ ir geltonas lipnus lapelis"
Žagarinė salonas,20,1,neįskaitoma: kairiosios krūvos viršuje gulinti pilkai tamsi kieto viršelio knyga su spalvotais lapų kraštais (skirtukais); nugarėlė nematoma
Žagarinė salonas,20,5,neįskaitoma: už kairiosios krūvos gulintis blizgus leidinys su aviacijos nuotrauka viršelyje; užrašų nematyti
Žagarinė salonas,20,11,neįskaitoma: žalsvai pilka nugarėlė su raudonu „TUTTLE“ ženkleliu; pavadinimas užstotas kitų knygų
Žagarinė salonas,20,12,neįskaitoma: juoda nugarėlė su vertikaliais japoniškais hieroglifais; įskaityti neįmanoma
Žagarinė salonas,21,3,"neįskaitoma: kreminė nugarėlė su rudu tekstu; įskaitomi tik fragmentai („…mokslinio tyrimas…“, „…ultūra“), apačioje numeris 2"
Žagarinė salonas,21,5,"neįskaitoma: balta nugarėlė su rudu piešiniu, teksto nesimato"
Žagarinė salonas,21,7,neįskaitoma: balta nugarėlė su raudonu užrašu; matyti tik pradžia „TIKSLIA…“
Žagarinė salonas,21,14,"neįskaitoma: plonas kreminis leidinys (sąsiuvinis ar aplankas), atremtas dešiniajame eilės gale; jokio teksto nematyti"
Žagarinė salonas,23,1,neįskaitoma: kairiajame lentynos gale pakrypęs didelio formato leidinys geltonais lapais ir baltu viršeliu (katalogas ar brošiūra); nugarėlės nesimato
Žagarinė salonas,23,4,"neįskaitoma: raudona knyga su auksiniu ornamentu, beveik visiškai užstota kaimynų; matyti tik nugarėlės viršus"
Žagarinė salonas,24,5,"neįskaitoma: ryškiai geltona nugarėlė, ranka rašytas rusiškas užrašas — įskaitoma tik „ПУТЬ К … ВРАТАМ“"
Žagarinė salonas,24,25,"neįskaitoma: tamsi knyga už Burrow, pakrypusi; matyti tik viršelis su ikonų reprodukcijomis, teksto nesimato"
Žagarinė salonas,25,27,"neįskaitoma: už priekinės eilės, prie pos 26, kyšo dar vienos knygos pilkšvai žalsvas viršutinis kraštas; jokio teksto nematyti"
Žagarinė salonas,26,17,"neįskaitoma: plona šviesi knyga, įstumta giliai už „Educated“; matosi tik siauras nugarėlės ruoželis su smulkiu tekstu"
Žagarinė salonas,26,24,neįskaitoma: knyga atsukta lapų pjūviu į priekį (nugarėlė gilumoje); matosi tik lietuviško teksto nuotrupos
Žagarinė salonas,27,1,"neįskaitoma: Didelis raudonas drobinis foliantas su auksuotu parapijų sąrašu nugarėlėje: PLUNGĖ, KULIAI, STALGĖNAI, PAKUTUVĖNAI, RIETAVAS, TVERAI, KANTAUČIAI, LIEPLAUKĖ, MEDINGĖNAI, ŽLIBINAI, PLATELIAI, BERŽORAS, GINTALIŠKĖ, ŠATEIKIAI, ŽEM. KALVARIJA, GEGRĖNAI. Ant viršelio įspausta „...DEANERY“ ir „...DAIL...“ — greičiausiai „Lietuvos sakralinė dailė“ serijos Plungės dekanato tomas, bet pavadinimo nuotraukoje nematyti"
Žagarinė salonas,27,12,"neįskaitoma: Už „Rygiškių Jono“ stovinti rusvo viršelio knyga — matyti tik viršutinė briauna, nugarėlės nesimato. Gali būti ta pati, kuri nufotografuota kaip viršelis 27_28 (J. Jablonskis „Rinktiniai raštai“)"
Žagarinė salonas,27,15,neįskaitoma: Tamsiai ruda kietų viršelių knyga (galbūt albumas ar dėklas) antroje eilėje už „Trijų dešimčių metų“; teksto nematyti
Žagarinė salonas,27,16,"neįskaitoma: Didelio formato pakrypusi knyga: viena pusė žalia su geltona įstriža juosta ir baltais žiedais (vaikiška iliustracija), kita — tamsiai žalsva nuotrauka su pienės pūku; nei pavadinimo, nei nugarėlės nesimato"
Žagarinė salonas,27,27,"neįskaitoma: Spirale įrišta knyga (šviesiai melsvi viršeliai), nugarėlės teksto nėra"
Žagarinė salonas,27,28,neįskaitoma: Stora tamsiai mėlyna kietų viršelių knyga; nugarėlė be teksto
Žagarinė salonas,28,24,"neįskaitoma: didelė tamsiai ruda knyga, atremta į lentynos galą; nugarėlė be matomo teksto"
Žagarinė salonas,29,25,"neįskaitoma: storoka kreminė knyga, gulinti horizontaliai po Oscar Wilde tomu; nugarėlės nesimato"
Žagarinė salonas,30,13,"neįskaitoma: kreminė nugarėlė, apačioje tik leidyklos pavadinimas; viršelyje XIX a. vyro portretas; pavadinimas neįskaitomas"
Žagarinė salonas,30,16,"neįskaitoma: Livre de Poche Nr. 15264; nugarėlės tekstas nublukęs, neįskaitomas"
Žagarinė salonas,31,5,"neįskaitoma: pilkai melsvas drobinis viršelis, nugarėlė be jokio teksto"
Žagarinė salonas,31,6,neįskaitoma: antroje eilėje už priekinių knygų; matosi tik tamsiai raudonas viršutinis kraštas
Žagarinė salonas,31,7,neįskaitoma: antroje eilėje; matosi tik kreminis viršutinis kraštas
Žagarinė salonas,31,16,neįskaitoma: antroje eilėje; matosi tik spalvota viršelio iliustracija virš priekinių knygų
Žagarinė salonas,31,30,neįskaitoma: antroje eilėje; matosi tik tamsi viršelio iliustracija su raudonu audiniu
Žagarinė salonas,31,32,"neįskaitoma: antroje eilėje; viršelyje moteris su skrybėle, teksto nesimato"
Žagarinė salonas,33,15,neįskaitoma: žalsvai melsva nugarėlė su balta juosta; matosi tik leidyklos ženklas „marixverlag“
Žagarinė salonas,33,18,"neįskaitoma: labai plona balta nugarėlė, pakrypusi, teksto nesimato"
Žagarinė salonas,34,16,"neįskaitoma: kreminis tomas su juoda etikete, etiketė nutrupėjusi — tekstas neįskaitomas"
Žagarinė salonas,34,22,neįskaitoma: stora balta nugarėlė be jokio teksto
Žagarinė salonas,34,23,"neįskaitoma: gelsvai smėlinė nugarėlė, tekstas visiškai nublukęs"
Žagarinė salonas,35,3,"neįskaitoma: juoda knyga, įstumta už priekinės eilės; matosi tik viršutinis kraštas"
Žagarinė salonas,35,14,neįskaitoma: plona knyga gilumoje tarp „100 gražiausių pasaulio aikščių“ ir „Pasaulio valdovų rūmai“; matosi tik marmurinis lapų pjūvis
Žagarinė salonas,35,21,"neįskaitoma: plona tamsiai mėlyna nugarėlė be matomo teksto, tarp rusiško vadovo ir „Šešeri metai Saigone“"
Žagarinė salonas,35,27,neįskaitoma: persikinės spalvos nugarėlė be matomo teksto
Žagarinė salonas,35,32,neįskaitoma: žalsvai mėlyna nugarėlė; matomas tik fragmentas „…TAS STATINIS“ ir vardas „Saulius…“
Žagarinė salonas,35,33,"neįskaitoma: mėlyna nugarėlė, rausvos raidės; matomas fragmentas „…EZIJOS SALOS“ (galbūt „Indonezijos salos“ arba „Polinezijos salos“)"
Žagarinė salonas,35,35,"neįskaitoma: didelė tamsi knyga su ornamentuotu (rytietišku) viršeliu, pastatyta už eilės; nugarėlės nesimato"
Žagarinė salonas,35,36,"neįskaitoma: raudona ir tamsiai mėlyna knyga dešiniajame kadro krašte, beveik visiškai nukirsta"
Žagarinė salonas,36,4,neįskaitoma: plonas šviesus leidinys be įskaitomo teksto ant nugarėlės; viršelio nuotrauka „Zagarine Salonas 36_4.JPG“ partijoje nepateikta
Žagarinė salonas,37,6,"neįskaitoma: tamsi knyga už priekinės eilės, matosi tik „Meni…“ ir „…Poškus“ — tikėtina to paties leidinio dublikatas"
Žagarinė salonas,37,13,neįskaitoma: plona juoda nugarėlė be įskaitomo teksto
Žagarinė salonas,37,17,neįskaitoma: plona pilkai balta knyga/katalogas be įskaitomo teksto
Žagarinė salonas,38,1,"neįskaitoma: stora knyga oranžiniu popieriniu aplanku, ant nugarėlės jokio teksto; aplankas nuplyšęs"
Žagarinė salonas,38,2,"neįskaitoma: rusvai bordinis tomas prie galinės sienelės, nugarėlė nematoma"
Žagarinė salonas,38,7,"neįskaitoma: tamsiai žalias įrišimas, ant nugarėlės teksto nematyti"
Žagarinė salonas,38,8,neįskaitoma: baltas plastikine spirale įrištas segtuvas be užrašų
Žagarinė salonas,38,32,"neįskaitoma: antroji eilė už pos 25–26: pilkšva didelio formato knyga, nugarėlė atsukta į sieną"
Žagarinė salonas,38,33,"neįskaitoma: antroji eilė už pos 27: kreminė knyga, matyti tik apversto lietuviško pavadinimo galas „…paslaptys“"
Žagarinė salonas,38,34,neįskaitoma: antroji eilė už pos 27–28: juoda didelio formato knyga
Žagarinė salonas,38,35,neįskaitoma: antroji eilė už pos 28–29: tamsiai pilka didelio formato knyga
Žagarinė salonas,39,1,"neįskaitoma: šviesiai mėlyna knyga kairiajame krašte, nuotraukos rėmo nukirsta; matyti tik leidyklos ženklas"
Žagarinė salonas,39,12,"neįskaitoma: plona alyvuogių spalvos knyga, nugarėlė be teksto"
Žagarinė salonas,39,20,neįskaitoma: tamsiai pilka knyga su sidabrinėmis ornamentinėmis juostomis; įskaitoma tik dalis užrašo „BRUCKE“
Žagarinė salonas,39,25,neįskaitoma: pilka knyga su tapybos reprodukcija ant nugarėlės; apačioje neaiškus užrašas
Žagarinė salonas,39,32,neįskaitoma: tamsi marmuruota nugarėlė be įskaitomo teksto
Žagarinė salonas,39,34,neįskaitoma: pilka nugarėlė; įskaitoma tik „…kas · Susitikimas su …“
Žagarinė salonas,39,39,"neįskaitoma: juoda dėklo/aplanko formos knyga antroje eilėje, be matomo teksto"
Žagarinė salonas,39,44,"neįskaitoma: rausvai balta knyga už Lonely Planet leidinio, matosi tik kraštas"
Žagarinė salonas,39,49,"neįskaitoma: oranžinė knyga su žemėlapio raštu, ant nugarėlės teksto nesimato"
Žagarinė salonas,39,51,"neįskaitoma: tamsi knyga be matomo teksto, šalia Citadelės"
Žagarinė salonas,40,3,"neįskaitoma: plona pageltusi knyga suplyšusia nugarėle, teksto nematyti"
Žagarinė salonas,40,4,"neįskaitoma: užpakalinė eilė, virš Čiurlionio nugarėlės matyti tik pilkšvo viršelio kraštas su raidėmis „LIE…“"
Žagarinė salonas,40,12,"neįskaitoma: plonas baltas leidinys su juodu grafikos raštu nugarėlėje, teksto nėra"
Žagarinė salonas,40,20,"neįskaitoma: užpakalinė eilė: tamsi (juoda ar tamsiai pilka) knyga, matyti tik viršutinis kraštas"
Žagarinė salonas,40,21,"neįskaitoma: užpakalinė eilė: plonas raudonas leidinys su hieroglifais (kinų ar japonų), pavadinimas neįskaitomas"
Žagarinė salonas,43,1,"neįskaitoma: žalsva knyga kairiajame kadro krašte, beveik visiškai nukirsta"
Žagarinė salonas,43,13,neįskaitoma: žydras spiraliniu (vielos) įrišimu leidinys be matomo teksto — greičiausiai albumas arba sąsiuvinis
Žagarinė salonas,43,31,neįskaitoma: plonas leidinys su tamsia gamtos nuotrauka nugarėlėje; teksto nematyti
Žagarinė salonas,43,32,neįskaitoma: plona kreminė brošiūra be matomo teksto
Žagarinė salonas,43,33,neįskaitoma: antra plona kreminė brošiūra; nugarėlėje raudonų raidžių nuotrupos
Žagarinė salonas,43,34,neįskaitoma: mėlynas leidinys su žemėlapiu ant viršelio (turizmo žemėlapis arba vadovas)
Žagarinė salonas,43,35,neįskaitoma: baltas plonas leidinys — paskutinis dešinėje prie lentynos šono
Žagarinė salonas,43,37,"neįskaitoma: juoda knyga (arba dėžutė) su raudona juosta ir brūkšninio kodo lipduku, padėta galinėje eilėje už „Tūkstantmečio pranašysčių“"
Žagarinė salonas,43,38,neįskaitoma: sidabriniu plastiku apvyniota knyga galinėje eilėje ties „Kretinga“; užrašų nematyti
Žagarinė salonas,44,2,"neįskaitoma: kreminė knyga, atsukta lapų pjūviu į priekį; teksto nematyti"
Žagarinė salonas,44,28,"neįskaitoma: alyvinė knyga dešiniajame krašte, atsukta be nugarėlės teksto"
Žagarinė salonas,45,1,"neįskaitoma: plona juoda knyga prie kairės sienelės, nugarėlė be matomo teksto"
Žagarinė salonas,45,3,"neįskaitoma: tamsi ruda nugarėlė, beveik visiškai užstota; matyti tik viena šviesi raidė"
Žagarinė salonas,45,7,"neįskaitoma: kreminė nugarėlė su nuotrauka, teksto nesimato"
Žagarinė salonas,45,31,"neįskaitoma: knyga su fotografija ant viršelio, stovi giliau už pos 32; nugarėlės nematyti"
Žagarinė salonas,45,34,"neįskaitoma: didelio formato knyga su kraštovaizdžio nuotrauka, pasvirusi prie dešinės sienelės, atsukta viršeliu; teksto nematyti"
Žagarinė salonas,45,36,"neįskaitoma: baltas plonas leidinys (galbūt žurnalas ar aplankas), gulintis ant pos 35"
Žagarinė salonas,46,3,neįskaitoma: stora balta brošiūra be matomo teksto ant nugarėlės
Žagarinė salonas,46,5,neįskaitoma: plona šviesi brošiūra be teksto ant nugarėlės
Žagarinė salonas,46,6,neįskaitoma: juodas aplankas / segtuvas be užrašo
Žagarinė salonas,46,7,neįskaitoma: raudonas segtuvas su laisvais lapais
Žagarinė salonas,46,18,"neįskaitoma: plona alyvuogių spalvos knyga, teksto nesimato"
Žagarinė salonas,46,21,"neįskaitoma: kreminė knyga žaliu kraštu, teksto neįskaitoma"
Žagarinė salonas,46,24,"neįskaitoma: melsva knyga, nugarėlėje „…Songs for the…“ — likusi dalis neįskaitoma"
Žagarinė salonas,46,25,neįskaitoma: juoda knyga be matomo teksto
Žagarinė salonas,46,26,neįskaitoma: antra juoda knyga be matomo teksto